id_municipio,municipio_nome,id_unidade,id_batalhao,id_cia,id_pelotao,id_base,batalhao,cia,pelotao
3500105,Adamantina,2320,2,3,2,0,2º Batalhão de Polícia Ambiental,3ª Companhia Ambiental - Presidente Prudente,2° Pelotão Ambiental - Dracena
3500204,Adolfo,4110,4,1,1,0,4º Batalhão de Polícia Ambiental,1ª Companhia Ambiental - São José do Rio Preto,1° Pelotão Ambiental - São José do Rio Preto
3500303,Aguaí,1720,1,7,2,0,1º Batalhão de Polícia Ambiental,7ª Companhia Ambiental - Araras,2° Pelotão Ambiental - São João da Boa Vista
3500402,Águas da Prata,1720,1,7,2,0,1º Batalhão de Polícia Ambiental,7ª Companhia Ambiental - Araras,2° Pelotão Ambiental - São João da Boa Vista
3500501,Águas de Lindóia,1410,1,4,1,0,1º Batalhão de Polícia Ambiental,4ª Companhia Ambiental - Campinas,1° Pelotão Ambiental - Campinas
3500550,Águas de Santa Bárbara,1320,1,3,2,0,1º Batalhão de Polícia Ambiental,3ª Companhia Ambiental - Sorocaba,2° Pelotão Ambiental - Botucatu
3500600,Águas de São Pedro,1730,1,7,3,0,1º Batalhão de Polícia Ambiental,7ª Companhia Ambiental - Araras,3° Pelotão Ambiental - Rio Claro
3500709,Agudos,2210,2,2,1,0,2º Batalhão de Polícia Ambiental,2ª Companhia Ambiental - Bauru,1° Pelotão Ambiental - Bauru
3500758,Alambari,1610,1,6,1,0,1º Batalhão de Polícia Ambiental,6ª Companhia Ambiental - Itapetininga,1° Pelotão Ambiental - Itapetininga
3500808,Alfredo Marcondes,2310,2,3,1,0,2º Batalhão de Polícia Ambiental,3ª Companhia Ambiental - Presidente Prudente,1° Pelotão Ambiental - Presidente Prudente
3500907,Altair,4320,4,3,2,0,4º Batalhão de Polícia Ambiental,3ª Companhia Ambiental - Franca,2° Pelotão Ambiental - Barretos
3501004,Altinópolis,4410,4,4,1,0,4º Batalhão de Polícia Ambiental,4ª Companhia Ambiental - Ribeirão Preto,1° Pelotão Ambiental - Ribeirão Preto
3501103,Alto Alegre,2110,2,1,1,0,2º Batalhão de Polícia Ambiental,1ª Companhia Ambiental - Birigui,1° Pelotão Ambiental - Araçatuba
3501152,Alumínio,1310,1,3,1,0,1º Batalhão de Polícia Ambiental,3ª Companhia Ambiental - Sorocaba,1° Pelotão Ambiental - Sorocaba
3501202,Álvares Florence,4220,4,2,2,0,4º Batalhão de Polícia Ambiental,2ª Companhia Ambiental - Fernandópolis,2° Pelotão Ambiental - Votuporanga
3501301,Álvares Machado,2310,2,3,1,0,2º Batalhão de Polícia Ambiental,3ª Companhia Ambiental - Presidente Prudente,1° Pelotão Ambiental - Presidente Prudente
3501400,Álvaro de Carvalho,2410,2,4,1,0,2º Batalhão de Polícia Ambiental,4ª Companhia Ambiental - Marília,1° Pelotão Ambiental - Marília
3501509,Alvinlândia,2410,2,4,1,0,2º Batalhão de Polícia Ambiental,4ª Companhia Ambiental - Marília,1° Pelotão Ambiental - Marília
3501608,Americana,1410,1,4,1,0,1º Batalhão de Polícia Ambiental,4ª Companhia Ambiental - Campinas,1° Pelotão Ambiental - Campinas
3501707,Américo Brasiliense,4420,4,4,2,0,4º Batalhão de Polícia Ambiental,4ª Companhia Ambiental - Ribeirão Preto,2° Pelotão Ambiental - Araraquara
3501806,Américo de Campos,4220,4,2,2,0,4º Batalhão de Polícia Ambiental,2ª Companhia Ambiental - Fernandópolis,2° Pelotão Ambiental - Votuporanga
3501905,Amparo,1410,1,4,1,0,1º Batalhão de Polícia Ambiental,4ª Companhia Ambiental - Campinas,1° Pelotão Ambiental - Campinas
3502002,Analândia,1730,1,7,3,0,1º Batalhão de Polícia Ambiental,7ª Companhia Ambiental - Araras,3° Pelotão Ambiental - Rio Claro
3502101,Andradina,2120,2,1,2,0,2º Batalhão de Polícia Ambiental,1ª Companhia Ambiental - Birigui,2° Pelotão Ambiental - Castilho
3502200,Angatuba,1610,1,6,1,0,1º Batalhão de Polícia Ambiental,6ª Companhia Ambiental - Itapetininga,1° Pelotão Ambiental - Itapetininga
3502309,Anhembi,1320,1,3,2,0,1º Batalhão de Polícia Ambiental,3ª Companhia Ambiental - Sorocaba,2° Pelotão Ambiental - Botucatu
3502408,Anhumas,2310,2,3,1,0,2º Batalhão de Polícia Ambiental,3ª Companhia Ambiental - Presidente Prudente,1° Pelotão Ambiental - Presidente Prudente
3502507,Aparecida,3420,3,4,2,0,3º Batalhão de Polícia Ambiental,4ª Companhia Ambiental - Taubaté,2° Pelotão Ambiental - Guaratinguetá
3502606,Aparecida d'Oeste,4230,4,2,3,0,4º Batalhão de Polícia Ambiental,2ª Companhia Ambiental - Fernandópolis,3° Pelotão Ambiental - Jales
3502705,Apiaí,1620,1,6,2,0,1º Batalhão de Polícia Ambiental,6ª Companhia Ambiental - Itapetininga,2° Pelotão Ambiental - Apiaí
3502754,Araçariguama,1310,1,3,1,0,1º Batalhão de Polícia Ambiental,3ª Companhia Ambiental - Sorocaba,1° Pelotão Ambiental - Sorocaba
3502804,Araçatuba,2110,2,1,1,0,2º Batalhão de Polícia Ambiental,1ª Companhia Ambiental - Birigui,1° Pelotão Ambiental - Araçatuba
3502903,Araçoiaba da Serra,1310,1,3,1,0,1º Batalhão de Polícia Ambiental,3ª Companhia Ambiental - Sorocaba,1° Pelotão Ambiental - Sorocaba
3503000,Aramina,4310,4,3,1,0,4º Batalhão de Polícia Ambiental,3ª Companhia Ambiental - Franca,1° Pelotão Ambiental - Franca
3503109,Arandu,1320,1,3,2,0,1º Batalhão de Polícia Ambiental,3ª Companhia Ambiental - Sorocaba,2° Pelotão Ambiental - Botucatu
3503158,Arapeí,3420,3,4,2,0,3º Batalhão de Polícia Ambiental,4ª Companhia Ambiental - Taubaté,2° Pelotão Ambiental - Guaratinguetá
3503208,Araraquara,4420,4,4,2,0,4º Batalhão de Polícia Ambiental,4ª Companhia Ambiental - Ribeirão Preto,2° Pelotão Ambiental - Araraquara
3503307,Araras,1710,1,7,1,0,1º Batalhão de Polícia Ambiental,7ª Companhia Ambiental - Araras,1° Pelotão Ambiental - Araras
3503356,Arco-Íris,2410,2,4,1,0,2º Batalhão de Polícia Ambiental,4ª Companhia Ambiental - Marília,1° Pelotão Ambiental - Marília
3503406,Arealva,2210,2,2,1,0,2º Batalhão de Polícia Ambiental,2ª Companhia Ambiental - Bauru,1° Pelotão Ambiental - Bauru
3503505,Areias,3420,3,4,2,0,3º Batalhão de Polícia Ambiental,4ª Companhia Ambiental - Taubaté,2° Pelotão Ambiental - Guaratinguetá
3503604,Areiópolis,1320,1,3,2,0,1º Batalhão de Polícia Ambiental,3ª Companhia Ambiental - Sorocaba,2° Pelotão Ambiental - Botucatu
3503703,Ariranha,4120,4,1,2,0,4º Batalhão de Polícia Ambiental,1ª Companhia Ambiental - São José do Rio Preto,2° Pelotão Ambiental - Catanduva
3503802,Artur Nogueira,1710,1,7,1,0,1º Batalhão de Polícia Ambiental,7ª Companhia Ambiental - Araras,1° Pelotão Ambiental - Araras
3503901,Arujá,1520,1,5,2,0,1º Batalhão de Polícia Ambiental,5ª Companhia Ambiental - São Paulo (Leste),2° Pelotão Ambiental - Mogi das Cruzes
3503950,Aspásia,4230,4,2,3,0,4º Batalhão de Polícia Ambiental,2ª Companhia Ambiental - Fernandópolis,3° Pelotão Ambiental - Jales
3504008,Assis,2420,2,4,2,0,2º Batalhão de Polícia Ambiental,4ª Companhia Ambiental - Marília,2° Pelotão Ambiental - Assis
3504107,Atibaia,1420,1,4,2,0,1º Batalhão de Polícia Ambiental,4ª Companhia Ambiental - Campinas,2° Pelotão Ambiental - Atibaia
3504206,Auriflama,2120,2,1,2,0,2º Batalhão de Polícia Ambiental,1ª Companhia Ambiental - Birigui,2° Pelotão Ambiental - Castilho
3504305,Avaí,2210,2,2,1,0,2º Batalhão de Polícia Ambiental,2ª Companhia Ambiental - Bauru,1° Pelotão Ambiental - Bauru
3504404,Avanhandava,2110,2,1,1,0,2º Batalhão de Polícia Ambiental,1ª Companhia Ambiental - Birigui,1° Pelotão Ambiental - Araçatuba
3504503,Avaré,1320,1,3,2,0,1º Batalhão de Polícia Ambiental,3ª Companhia Ambiental - Sorocaba,2° Pelotão Ambiental - Botucatu
3504602,Bady Bassitt,4110,4,1,1,0,4º Batalhão de Polícia Ambiental,1ª Companhia Ambiental - São José do Rio Preto,1° Pelotão Ambiental - São José do Rio Preto
3504701,Balbinos,2210,2,2,1,0,2º Batalhão de Polícia Ambiental,2ª Companhia Ambiental - Bauru,1° Pelotão Ambiental - Bauru
3504800,Bálsamo,4110,4,1,1,0,4º Batalhão de Polícia Ambiental,1ª Companhia Ambiental - São José do Rio Preto,1° Pelotão Ambiental - São José do Rio Preto
3504909,Bananal,3420,3,4,2,0,3º Batalhão de Polícia Ambiental,4ª Companhia Ambiental - Taubaté,2° Pelotão Ambiental - Guaratinguetá
3505005,Barão de Antonina,1610,1,6,1,0,1º Batalhão de Polícia Ambiental,6ª Companhia Ambiental - Itapetininga,1° Pelotão Ambiental - Itapetininga
3505104,Barbosa,2110,2,1,1,0,2º Batalhão de Polícia Ambiental,1ª Companhia Ambiental - Birigui,1° Pelotão Ambiental - Araçatuba
3505203,Bariri,2210,2,2,1,0,2º Batalhão de Polícia Ambiental,2ª Companhia Ambiental - Bauru,1° Pelotão Ambiental - Bauru
3505302,Barra Bonita,2210,2,2,1,0,2º Batalhão de Polícia Ambiental,2ª Companhia Ambiental - Bauru,1° Pelotão Ambiental - Bauru
3505351,Barra do Chapéu,1620,1,6,2,0,1º Batalhão de Polícia Ambiental,6ª Companhia Ambiental - Itapetininga,2° Pelotão Ambiental - Apiaí
3505401,Barra do Turvo,3220,3,2,2,0,3º Batalhão de Polícia Ambiental,2ª Companhia Ambiental - Registro,2° Pelotão Ambiental - Jacupiranga
3505500,Barretos,4320,4,3,2,0,4º Batalhão de Polícia Ambiental,3ª Companhia Ambiental - Franca,2° Pelotão Ambiental - Barretos
3505609,Barrinha,4410,4,4,1,0,4º Batalhão de Polícia Ambiental,4ª Companhia Ambiental - Ribeirão Preto,1° Pelotão Ambiental - Ribeirão Preto
3505708,Barueri,1130,1,1,3,0,1º Batalhão de Polícia Ambiental,1ª Companhia Ambiental - São Paulo (Norte),3° Pelotão Ambiental - Barueri
3505807,Bastos,2410,2,4,1,0,2º Batalhão de Polícia Ambiental,4ª Companhia Ambiental - Marília,1° Pelotão Ambiental - Marília
3505906,Batatais,4410,4,4,1,0,4º Batalhão de Polícia Ambiental,4ª Companhia Ambiental - Ribeirão Preto,1° Pelotão Ambiental - Ribeirão Preto
3506003,Bauru,2210,2,2,1,0,2º Batalhão de Polícia Ambiental,2ª Companhia Ambiental - Bauru,1° Pelotão Ambiental - Bauru
3506102,Bebedouro,4320,4,3,2,0,4º Batalhão de Polícia Ambiental,3ª Companhia Ambiental - Franca,2° Pelotão Ambiental - Barretos
3506201,Bento de Abreu,2110,2,1,1,0,2º Batalhão de Polícia Ambiental,1ª Companhia Ambiental - Birigui,1° Pelotão Ambiental - Araçatuba
3506300,Bernardino de Campos,2420,2,4,2,0,2º Batalhão de Polícia Ambiental,4ª Companhia Ambiental - Marília,2° Pelotão Ambiental - Assis
3506359,Bertioga,3110,3,1,1,0,3º Batalhão de Polícia Ambiental,1ª Companhia Ambiental - Guarujá,1° Pelotão Ambiental - Guarujá
3506409,Bilac,2110,2,1,1,0,2º Batalhão de Polícia Ambiental,1ª Companhia Ambiental - Birigui,1° Pelotão Ambiental - Araçatuba
3506508,Birigui,2110,2,1,1,0,2º Batalhão de Polícia Ambiental,1ª Companhia Ambiental - Birigui,1° Pelotão Ambiental - Araçatuba
3506607,Biritiba-Mirim,1520,1,5,2,0,1º Batalhão de Polícia Ambiental,5ª Companhia Ambiental - São Paulo (Leste),2° Pelotão Ambiental - Mogi das Cruzes
3506706,Boa Esperança do Sul,4420,4,4,2,0,4º Batalhão de Polícia Ambiental,4ª Companhia Ambiental - Ribeirão Preto,2° Pelotão Ambiental - Araraquara
3506805,Bocaina,2210,2,2,1,0,2º Batalhão de Polícia Ambiental,2ª Companhia Ambiental - Bauru,1° Pelotão Ambiental - Bauru
3506904,Bofete,1320,1,3,2,0,1º Batalhão de Polícia Ambiental,3ª Companhia Ambiental - Sorocaba,2° Pelotão Ambiental - Botucatu
3507001,Boituva,1310,1,3,1,0,1º Batalhão de Polícia Ambiental,3ª Companhia Ambiental - Sorocaba,1° Pelotão Ambiental - Sorocaba
3507100,Bom Jesus dos Perdões,1420,1,4,2,0,1º Batalhão de Polícia Ambiental,4ª Companhia Ambiental - Campinas,2° Pelotão Ambiental - Atibaia
3507159,Bom Sucesso de Itararé,1610,1,6,1,0,1º Batalhão de Polícia Ambiental,6ª Companhia Ambiental - Itapetininga,1° Pelotão Ambiental - Itapetininga
3507209,Borá,2410,2,4,1,0,2º Batalhão de Polícia Ambiental,4ª Companhia Ambiental - Marília,1° Pelotão Ambiental - Marília
3507308,Boracéia,2210,2,2,1,0,2º Batalhão de Polícia Ambiental,2ª Companhia Ambiental - Bauru,1° Pelotão Ambiental - Bauru
3507407,Borborema,4420,4,4,2,0,4º Batalhão de Polícia Ambiental,4ª Companhia Ambiental - Ribeirão Preto,2° Pelotão Ambiental - Araraquara
3507456,Borebi,2210,2,2,1,0,2º Batalhão de Polícia Ambiental,2ª Companhia Ambiental - Bauru,1° Pelotão Ambiental - Bauru
3507506,Botucatu,1320,1,3,2,0,1º Batalhão de Polícia Ambiental,3ª Companhia Ambiental - Sorocaba,2° Pelotão Ambiental - Botucatu
3507605,Bragança Paulista,1420,1,4,2,0,1º Batalhão de Polícia Ambiental,4ª Companhia Ambiental - Campinas,2° Pelotão Ambiental - Atibaia
3507704,Braúna,2110,2,1,1,0,2º Batalhão de Polícia Ambiental,1ª Companhia Ambiental - Birigui,1° Pelotão Ambiental - Araçatuba
3507753,Brejo Alegre,2110,2,1,1,0,2º Batalhão de Polícia Ambiental,1ª Companhia Ambiental - Birigui,1° Pelotão Ambiental - Araçatuba
3507803,Brodowski,4410,4,4,1,0,4º Batalhão de Polícia Ambiental,4ª Companhia Ambiental - Ribeirão Preto,1° Pelotão Ambiental - Ribeirão Preto
3507902,Brotas,1730,1,7,3,0,1º Batalhão de Polícia Ambiental,7ª Companhia Ambiental - Araras,3° Pelotão Ambiental - Rio Claro
3508009,Buri,1610,1,6,1,0,1º Batalhão de Polícia Ambiental,6ª Companhia Ambiental - Itapetininga,1° Pelotão Ambiental - Itapetininga
3508108,Buritama,2110,2,1,1,0,2º Batalhão de Polícia Ambiental,1ª Companhia Ambiental - Birigui,1° Pelotão Ambiental - Araçatuba
3508207,Buritizal,4310,4,3,1,0,4º Batalhão de Polícia Ambiental,3ª Companhia Ambiental - Franca,1° Pelotão Ambiental - Franca
3508306,Cabrália Paulista,2210,2,2,1,0,2º Batalhão de Polícia Ambiental,2ª Companhia Ambiental - Bauru,1° Pelotão Ambiental - Bauru
3508405,Cabreúva,1430,1,4,3,0,1º Batalhão de Polícia Ambiental,4ª Companhia Ambiental - Campinas,3° Pelotão Ambiental - Jundiaí
3508504,Caçapava,3410,3,4,1,0,3º Batalhão de Polícia Ambiental,4ª Companhia Ambiental - Taubaté,1° Pelotão Ambiental - Taubaté
3508603,Cachoeira Paulista,3420,3,4,2,0,3º Batalhão de Polícia Ambiental,4ª Companhia Ambiental - Taubaté,2° Pelotão Ambiental - Guaratinguetá
3508702,Caconde,1720,1,7,2,0,1º Batalhão de Polícia Ambiental,7ª Companhia Ambiental - Araras,2° Pelotão Ambiental - São João da Boa Vista
3508801,Cafelândia,2220,2,2,2,0,2º Batalhão de Polícia Ambiental,2ª Companhia Ambiental - Bauru,2° Pelotão Ambiental - Lins
3508900,Caiabu,2310,2,3,1,0,2º Batalhão de Polícia Ambiental,3ª Companhia Ambiental - Presidente Prudente,1° Pelotão Ambiental - Presidente Prudente
3509007,Caieiras,1120,1,1,2,0,1º Batalhão de Polícia Ambiental,1ª Companhia Ambiental - São Paulo (Norte),2° Pelotão Ambiental - São Paulo (Oeste)
3509106,Caiuá,2310,2,3,1,0,2º Batalhão de Polícia Ambiental,3ª Companhia Ambiental - Presidente Prudente,1° Pelotão Ambiental - Presidente Prudente
3509205,Cajamar,1130,1,1,3,0,1º Batalhão de Polícia Ambiental,1ª Companhia Ambiental - São Paulo (Norte),3° Pelotão Ambiental - Barueri
3509254,Cajati,3220,3,2,2,0,3º Batalhão de Polícia Ambiental,2ª Companhia Ambiental - Registro,2° Pelotão Ambiental - Jacupiranga
3509304,Cajobi,4320,4,3,2,0,4º Batalhão de Polícia Ambiental,3ª Companhia Ambiental - Franca,2° Pelotão Ambiental - Barretos
3509403,Cajuru,4410,4,4,1,0,4º Batalhão de Polícia Ambiental,4ª Companhia Ambiental - Ribeirão Preto,1° Pelotão Ambiental - Ribeirão Preto
3509452,Campina do Monte Alegre,1610,1,6,1,0,1º Batalhão de Polícia Ambiental,6ª Companhia Ambiental - Itapetininga,1° Pelotão Ambiental - Itapetininga
3509502,Campinas,1410,1,4,1,0,1º Batalhão de Polícia Ambiental,4ª Companhia Ambiental - Campinas,1° Pelotão Ambiental - Campinas
3509601,Campo Limpo Paulista,1430,1,4,3,0,1º Batalhão de Polícia Ambiental,4ª Companhia Ambiental - Campinas,3° Pelotão Ambiental - Jundiaí
3509700,Campos do Jordão,3430,3,4,3,0,3º Batalhão de Polícia Ambiental,4ª Companhia Ambiental - Taubaté,3° Pelotão Ambiental - São José dos Campos
3509809,Campos Novos Paulista,2420,2,4,2,0,2º Batalhão de Polícia Ambiental,4ª Companhia Ambiental - Marília,2° Pelotão Ambiental - Assis
3509908,Cananéia,3230,3,2,3,0,3º Batalhão de Polícia Ambiental,2ª Companhia Ambiental - Registro,3° Pelotão Ambiental - Iguape
3509957,Canas,3420,3,4,2,0,3º Batalhão de Polícia Ambiental,4ª Companhia Ambiental - Taubaté,2° Pelotão Ambiental - Guaratinguetá
3510005,Cândido Mota,2420,2,4,2,0,2º Batalhão de Polícia Ambiental,4ª Companhia Ambiental - Marília,2° Pelotão Ambiental - Assis
3510104,Cândido Rodrigues,4410,4,4,1,0,4º Batalhão de Polícia Ambiental,4ª Companhia Ambiental - Ribeirão Preto,1° Pelotão Ambiental - Ribeirão Preto
3510153,Canitar,2420,2,4,2,0,2º Batalhão de Polícia Ambiental,4ª Companhia Ambiental - Marília,2° Pelotão Ambiental - Assis
3510203,Capão Bonito,1610,1,6,1,0,1º Batalhão de Polícia Ambiental,6ª Companhia Ambiental - Itapetininga,1° Pelotão Ambiental - Itapetininga
3510302,Capela do Alto,1310,1,3,1,0,1º Batalhão de Polícia Ambiental,3ª Companhia Ambiental - Sorocaba,1° Pelotão Ambiental - Sorocaba
3510401,Capivari,1410,1,4,1,0,1º Batalhão de Polícia Ambiental,4ª Companhia Ambiental - Campinas,1° Pelotão Ambiental - Campinas
3510500,Caraguatatuba,3320,3,3,2,0,3º Batalhão de Polícia Ambiental,3ª Companhia Ambiental - Caraguatatuba,2° Pelotão Ambiental - Ubatuba
3510609,Carapicuíba,1130,1,1,3,0,1º Batalhão de Polícia Ambiental,1ª Companhia Ambiental - São Paulo (Norte),3° Pelotão Ambiental - Barueri
3510708,Cardoso,4220,4,2,2,0,4º Batalhão de Polícia Ambiental,2ª Companhia Ambiental - Fernandópolis,2° Pelotão Ambiental - Votuporanga
3510807,Casa Branca,1720,1,7,2,0,1º Batalhão de Polícia Ambiental,7ª Companhia Ambiental - Araras,2° Pelotão Ambiental - São João da Boa Vista
3510906,Cássia dos Coqueiros,4410,4,4,1,0,4º Batalhão de Polícia Ambiental,4ª Companhia Ambiental - Ribeirão Preto,1° Pelotão Ambiental - Ribeirão Preto
3511003,Castilho,2120,2,1,2,0,2º Batalhão de Polícia Ambiental,1ª Companhia Ambiental - Birigui,2° Pelotão Ambiental - Castilho
3511102,Catanduva,4120,4,1,2,0,4º Batalhão de Polícia Ambiental,1ª Companhia Ambiental - São José do Rio Preto,2° Pelotão Ambiental - Catanduva
3511201,Catiguá,4120,4,1,2,0,4º Batalhão de Polícia Ambiental,1ª Companhia Ambiental - São José do Rio Preto,2° Pelotão Ambiental - Catanduva
3511300,Cedral,4110,4,1,1,0,4º Batalhão de Polícia Ambiental,1ª Companhia Ambiental - São José do Rio Preto,1° Pelotão Ambiental - São José do Rio Preto
3511409,Cerqueira César,1320,1,3,2,0,1º Batalhão de Polícia Ambiental,3ª Companhia Ambiental - Sorocaba,2° Pelotão Ambiental - Botucatu
3511508,Cerquilho,1310,1,3,1,0,1º Batalhão de Polícia Ambiental,3ª Companhia Ambiental - Sorocaba,1° Pelotão Ambiental - Sorocaba
3511607,Cesário Lange,1310,1,3,1,0,1º Batalhão de Polícia Ambiental,3ª Companhia Ambiental - Sorocaba,1° Pelotão Ambiental - Sorocaba
3511706,Charqueada,1730,1,7,3,0,1º Batalhão de Polícia Ambiental,7ª Companhia Ambiental - Araras,3° Pelotão Ambiental - Rio Claro
3557204,Chavantes,2420,2,4,2,0,2º Batalhão de Polícia Ambiental,4ª Companhia Ambiental - Marília,2° Pelotão Ambiental - Assis
3511904,Clementina,2110,2,1,1,0,2º Batalhão de Polícia Ambiental,1ª Companhia Ambiental - Birigui,1° Pelotão Ambiental - Araçatuba
3512001,Colina,4320,4,3,2,0,4º Batalhão de Polícia Ambiental,3ª Companhia Ambiental - Franca,2° Pelotão Ambiental - Barretos
3512100,Colômbia,4320,4,3,2,0,4º Batalhão de Polícia Ambiental,3ª Companhia Ambiental - Franca,2° Pelotão Ambiental - Barretos
3512209,Conchal,1710,1,7,1,0,1º Batalhão de Polícia Ambiental,7ª Companhia Ambiental - Araras,1° Pelotão Ambiental - Araras
3512308,Conchas,1320,1,3,2,0,1º Batalhão de Polícia Ambiental,3ª Companhia Ambiental - Sorocaba,2° Pelotão Ambiental - Botucatu
3512407,Cordeirópolis,1710,1,7,1,0,1º Batalhão de Polícia Ambiental,7ª Companhia Ambiental - Araras,1° Pelotão Ambiental - Araras
3512506,Coroados,2110,2,1,1,0,2º Batalhão de Polícia Ambiental,1ª Companhia Ambiental - Birigui,1° Pelotão Ambiental - Araçatuba
3512605,Coronel Macedo,1320,1,3,2,0,1º Batalhão de Polícia Ambiental,3ª Companhia Ambiental - Sorocaba,2° Pelotão Ambiental - Botucatu
3512704,Corumbataí,1730,1,7,3,0,1º Batalhão de Polícia Ambiental,7ª Companhia Ambiental - Araras,3° Pelotão Ambiental - Rio Claro
3512803,Cosmópolis,1410,1,4,1,0,1º Batalhão de Polícia Ambiental,4ª Companhia Ambiental - Campinas,1° Pelotão Ambiental - Campinas
3512902,Cosmorama,4220,4,2,2,0,4º Batalhão de Polícia Ambiental,2ª Companhia Ambiental - Fernandópolis,2° Pelotão Ambiental - Votuporanga
3513009,Cotia,1230,1,2,3,0,1º Batalhão de Polícia Ambiental,2ª Companhia Ambiental - São Paulo (Sul),3° Pelotão Ambiental - Embu
3513108,Cravinhos,4410,4,4,1,0,4º Batalhão de Polícia Ambiental,4ª Companhia Ambiental - Ribeirão Preto,1° Pelotão Ambiental - Ribeirão Preto
3513207,Cristais Paulista,4310,4,3,1,0,4º Batalhão de Polícia Ambiental,3ª Companhia Ambiental - Franca,1° Pelotão Ambiental - Franca
3513306,Cruzália,2420,2,4,2,0,2º Batalhão de Polícia Ambiental,4ª Companhia Ambiental - Marília,2° Pelotão Ambiental - Assis
3513405,Cruzeiro,3420,3,4,2,0,3º Batalhão de Polícia Ambiental,4ª Companhia Ambiental - Taubaté,2° Pelotão Ambiental - Guaratinguetá
3513504,Cubatão,3110,3,1,1,0,3º Batalhão de Polícia Ambiental,1ª Companhia Ambiental - Guarujá,1° Pelotão Ambiental - Guarujá
3513603,Cunha,3420,3,4,2,0,3º Batalhão de Polícia Ambiental,4ª Companhia Ambiental - Taubaté,2° Pelotão Ambiental - Guaratinguetá
3513702,Descalvado,4420,4,4,2,0,4º Batalhão de Polícia Ambiental,4ª Companhia Ambiental - Ribeirão Preto,2° Pelotão Ambiental - Araraquara
3513801,Diadema,1220,1,2,2,0,1º Batalhão de Polícia Ambiental,2ª Companhia Ambiental - São Paulo (Sul),2° Pelotão Ambiental - São Paulo
3513850,Dirce Reis,4230,4,2,3,0,4º Batalhão de Polícia Ambiental,2ª Companhia Ambiental - Fernandópolis,3° Pelotão Ambiental - Jales
3513900,Divinolândia,1720,1,7,2,0,1º Batalhão de Polícia Ambiental,7ª Companhia Ambiental - Araras,2° Pelotão Ambiental - São João da Boa Vista
3514007,Dobrada,4420,4,4,2,0,4º Batalhão de Polícia Ambiental,4ª Companhia Ambiental - Ribeirão Preto,2° Pelotão Ambiental - Araraquara
3514106,Dois Córregos,2210,2,2,1,0,2º Batalhão de Polícia Ambiental,2ª Companhia Ambiental - Bauru,1° Pelotão Ambiental - Bauru
3514205,Dolcinópolis,4230,4,2,3,0,4º Batalhão de Polícia Ambiental,2ª Companhia Ambiental - Fernandópolis,3° Pelotão Ambiental - Jales
3514304,Dourado,4420,4,4,2,0,4º Batalhão de Polícia Ambiental,4ª Companhia Ambiental - Ribeirão Preto,2° Pelotão Ambiental - Araraquara
3514403,Dracena,2320,2,3,2,0,2º Batalhão de Polícia Ambiental,3ª Companhia Ambiental - Presidente Prudente,2° Pelotão Ambiental - Dracena
3514502,Duartina,2210,2,2,1,0,2º Batalhão de Polícia Ambiental,2ª Companhia Ambiental - Bauru,1° Pelotão Ambiental - Bauru
3514601,Dumont,4410,4,4,1,0,4º Batalhão de Polícia Ambiental,4ª Companhia Ambiental - Ribeirão Preto,1° Pelotão Ambiental - Ribeirão Preto
3514700,Echaporã,2410,2,4,1,0,2º Batalhão de Polícia Ambiental,4ª Companhia Ambiental - Marília,1° Pelotão Ambiental - Marília
3514809,Eldorado,3220,3,2,2,0,3º Batalhão de Polícia Ambiental,2ª Companhia Ambiental - Registro,2° Pelotão Ambiental - Jacupiranga
3514908,Elias Fausto,1410,1,4,1,0,1º Batalhão de Polícia Ambiental,4ª Companhia Ambiental - Campinas,1° Pelotão Ambiental - Campinas
3514924,Elisiário,4120,4,1,2,0,4º Batalhão de Polícia Ambiental,1ª Companhia Ambiental - São José do Rio Preto,2° Pelotão Ambiental - Catanduva
3514957,Embaúba,4120,4,1,2,0,4º Batalhão de Polícia Ambiental,1ª Companhia Ambiental - São José do Rio Preto,2° Pelotão Ambiental - Catanduva
3515004,Embu,1230,1,2,3,0,1º Batalhão de Polícia Ambiental,2ª Companhia Ambiental - São Paulo (Sul),3° Pelotão Ambiental - Embu
3515103,Embu-Guaçu,1230,1,2,3,0,1º Batalhão de Polícia Ambiental,2ª Companhia Ambiental - São Paulo (Sul),3° Pelotão Ambiental - Embu
3515129,Emilianópolis,2310,2,3,1,0,2º Batalhão de Polícia Ambiental,3ª Companhia Ambiental - Presidente Prudente,1° Pelotão Ambiental - Presidente Prudente
3515152,Engenheiro Coelho,1710,1,7,1,0,1º Batalhão de Polícia Ambiental,7ª Companhia Ambiental - Araras,1° Pelotão Ambiental - Araras
3515186,Espírito Santo do Pinhal,1710,1,7,1,0,1º Batalhão de Polícia Ambiental,7ª Companhia Ambiental - Araras,1° Pelotão Ambiental - Araras
3515194,Espírito Santo do Turvo,2420,2,4,2,0,2º Batalhão de Polícia Ambiental,4ª Companhia Ambiental - Marília,2° Pelotão Ambiental - Assis
3557303,Estiva Gerbi,1710,1,7,1,0,1º Batalhão de Polícia Ambiental,7ª Companhia Ambiental - Araras,1° Pelotão Ambiental - Araras
3515301,Estrela do Norte,2310,2,3,1,0,2º Batalhão de Polícia Ambiental,3ª Companhia Ambiental - Presidente Prudente,1° Pelotão Ambiental - Presidente Prudente
3515202,Estrela d'Oeste,4210,4,2,1,0,4º Batalhão de Polícia Ambiental,2ª Companhia Ambiental - Fernandópolis,1° Pelotão Ambiental - Fernandópolis
3515350,Euclides da Cunha Paulista,2330,2,3,3,0,2º Batalhão de Polícia Ambiental,3ª Companhia Ambiental - Presidente Prudente,3° Pelotão Ambiental - Teodoro Sampaio
3515400,Fartura,1320,1,3,2,0,1º Batalhão de Polícia Ambiental,3ª Companhia Ambiental - Sorocaba,2° Pelotão Ambiental - Botucatu
3515608,Fernando Prestes,4410,4,4,1,0,4º Batalhão de Polícia Ambiental,4ª Companhia Ambiental - Ribeirão Preto,1° Pelotão Ambiental - Ribeirão Preto
3515509,Fernandópolis,4210,4,2,1,0,4º Batalhão de Polícia Ambiental,2ª Companhia Ambiental - Fernandópolis,1° Pelotão Ambiental - Fernandópolis
3515657,Fernão,2410,2,4,1,0,2º Batalhão de Polícia Ambiental,4ª Companhia Ambiental - Marília,1° Pelotão Ambiental - Marília
3515707,Ferraz de Vasconcelos,1520,1,5,2,0,1º Batalhão de Polícia Ambiental,5ª Companhia Ambiental - São Paulo (Leste),2° Pelotão Ambiental - Mogi das Cruzes
3515806,Flora Rica,2320,2,3,2,0,2º Batalhão de Polícia Ambiental,3ª Companhia Ambiental - Presidente Prudente,2° Pelotão Ambiental - Dracena
3515905,Floreal,4220,4,2,2,0,4º Batalhão de Polícia Ambiental,2ª Companhia Ambiental - Fernandópolis,2° Pelotão Ambiental - Votuporanga
3516002,Flórida Paulista,2320,2,3,2,0,2º Batalhão de Polícia Ambiental,3ª Companhia Ambiental - Presidente Prudente,2° Pelotão Ambiental - Dracena
3516101,Florínia,2420,2,4,2,0,2º Batalhão de Polícia Ambiental,4ª Companhia Ambiental - Marília,2° Pelotão Ambiental - Assis
3516200,Franca,4310,4,3,1,0,4º Batalhão de Polícia Ambiental,3ª Companhia Ambiental - Franca,1° Pelotão Ambiental - Franca
3516309,Francisco Morato,1120,1,1,2,0,1º Batalhão de Polícia Ambiental,1ª Companhia Ambiental - São Paulo (Norte),2° Pelotão Ambiental - São Paulo (Oeste)
3516408,Franco da Rocha,1120,1,1,2,0,1º Batalhão de Polícia Ambiental,1ª Companhia Ambiental - São Paulo (Norte),2° Pelotão Ambiental - São Paulo (Oeste)
3516507,Gabriel Monteiro,2110,2,1,1,0,2º Batalhão de Polícia Ambiental,1ª Companhia Ambiental - Birigui,1° Pelotão Ambiental - Araçatuba
3516606,Gália,2410,2,4,1,0,2º Batalhão de Polícia Ambiental,4ª Companhia Ambiental - Marília,1° Pelotão Ambiental - Marília
3516705,Garça,2410,2,4,1,0,2º Batalhão de Polícia Ambiental,4ª Companhia Ambiental - Marília,1° Pelotão Ambiental - Marília
3516804,Gastão Vidigal,2110,2,1,1,0,2º Batalhão de Polícia Ambiental,1ª Companhia Ambiental - Birigui,1° Pelotão Ambiental - Araçatuba
3516853,Gavião Peixoto,4420,4,4,2,0,4º Batalhão de Polícia Ambiental,4ª Companhia Ambiental - Ribeirão Preto,2° Pelotão Ambiental - Araraquara
3516903,General Salgado,2120,2,1,2,0,2º Batalhão de Polícia Ambiental,1ª Companhia Ambiental - Birigui,2° Pelotão Ambiental - Castilho
3517000,Getulina,2220,2,2,2,0,2º Batalhão de Polícia Ambiental,2ª Companhia Ambiental - Bauru,2° Pelotão Ambiental - Lins
3517109,Glicério,2110,2,1,1,0,2º Batalhão de Polícia Ambiental,1ª Companhia Ambiental - Birigui,1° Pelotão Ambiental - Araçatuba
3517208,Guaiçara,2220,2,2,2,0,2º Batalhão de Polícia Ambiental,2ª Companhia Ambiental - Bauru,2° Pelotão Ambiental - Lins
3517307,Guaimbê,2220,2,2,2,0,2º Batalhão de Polícia Ambiental,2ª Companhia Ambiental - Bauru,2° Pelotão Ambiental - Lins
3517406,Guaíra,4320,4,3,2,0,4º Batalhão de Polícia Ambiental,3ª Companhia Ambiental - Franca,2° Pelotão Ambiental - Barretos
3517505,Guapiaçu,4110,4,1,1,0,4º Batalhão de Polícia Ambiental,1ª Companhia Ambiental - São José do Rio Preto,1° Pelotão Ambiental - São José do Rio Preto
3517604,Guapiara,1610,1,6,1,0,1º Batalhão de Polícia Ambiental,6ª Companhia Ambiental - Itapetininga,1° Pelotão Ambiental - Itapetininga
3517703,Guará,4310,4,3,1,0,4º Batalhão de Polícia Ambiental,3ª Companhia Ambiental - Franca,1° Pelotão Ambiental - Franca
3517802,Guaraçaí,2120,2,1,2,0,2º Batalhão de Polícia Ambiental,1ª Companhia Ambiental - Birigui,2° Pelotão Ambiental - Castilho
3517901,Guaraci,4320,4,3,2,0,4º Batalhão de Polícia Ambiental,3ª Companhia Ambiental - Franca,2° Pelotão Ambiental - Barretos
3518008,Guarani d'Oeste,4210,4,2,1,0,4º Batalhão de Polícia Ambiental,2ª Companhia Ambiental - Fernandópolis,1° Pelotão Ambiental - Fernandópolis
3518107,Guarantã,2220,2,2,2,0,2º Batalhão de Polícia Ambiental,2ª Companhia Ambiental - Bauru,2° Pelotão Ambiental - Lins
3518206,Guararapes,2110,2,1,1,0,2º Batalhão de Polícia Ambiental,1ª Companhia Ambiental - Birigui,1° Pelotão Ambiental - Araçatuba
3518305,Guararema,1520,1,5,2,0,1º Batalhão de Polícia Ambiental,5ª Companhia Ambiental - São Paulo (Leste),2° Pelotão Ambiental - Mogi das Cruzes
3518404,Guaratinguetá,3420,3,4,2,0,3º Batalhão de Polícia Ambiental,4ª Companhia Ambiental - Taubaté,2° Pelotão Ambiental - Guaratinguetá
3518503,Guareí,1610,1,6,1,0,1º Batalhão de Polícia Ambiental,6ª Companhia Ambiental - Itapetininga,1° Pelotão Ambiental - Itapetininga
3518602,Guariba,4410,4,4,1,0,4º Batalhão de Polícia Ambiental,4ª Companhia Ambiental - Ribeirão Preto,1° Pelotão Ambiental - Ribeirão Preto
3518701,Guarujá,3110,3,1,1,0,3º Batalhão de Polícia Ambiental,1ª Companhia Ambiental - Guarujá,1° Pelotão Ambiental - Guarujá
3518800,Guarulhos,1110,1,1,1,0,1º Batalhão de Polícia Ambiental,1ª Companhia Ambiental - São Paulo (Norte),1° Pelotão Ambiental - São Paulo (Norte)
3518859,Guatapará,4410,4,4,1,0,4º Batalhão de Polícia Ambiental,4ª Companhia Ambiental - Ribeirão Preto,1° Pelotão Ambiental - Ribeirão Preto
3518909,Guzolândia,2120,2,1,2,0,2º Batalhão de Polícia Ambiental,1ª Companhia Ambiental - Birigui,2° Pelotão Ambiental - Castilho
3519006,Herculândia,2410,2,4,1,0,2º Batalhão de Polícia Ambiental,4ª Companhia Ambiental - Marília,1° Pelotão Ambiental - Marília
3519055,Holambra,1410,1,4,1,0,1º Batalhão de Polícia Ambiental,4ª Companhia Ambiental - Campinas,1° Pelotão Ambiental - Campinas
3519071,Hortolândia,1410,1,4,1,0,1º Batalhão de Polícia Ambiental,4ª Companhia Ambiental - Campinas,1° Pelotão Ambiental - Campinas
3519105,Iacanga,2210,2,2,1,0,2º Batalhão de Polícia Ambiental,2ª Companhia Ambiental - Bauru,1° Pelotão Ambiental - Bauru
3519204,Iacri,2410,2,4,1,0,2º Batalhão de Polícia Ambiental,4ª Companhia Ambiental - Marília,1° Pelotão Ambiental - Marília
3519253,Iaras,1320,1,3,2,0,1º Batalhão de Polícia Ambiental,3ª Companhia Ambiental - Sorocaba,2° Pelotão Ambiental - Botucatu
3519303,Ibaté,4420,4,4,2,0,4º Batalhão de Polícia Ambiental,4ª Companhia Ambiental - Ribeirão Preto,2° Pelotão Ambiental - Araraquara
3519402,Ibirá,4110,4,1,1,0,4º Batalhão de Polícia Ambiental,1ª Companhia Ambiental - São José do Rio Preto,1° Pelotão Ambiental - São José do Rio Preto
3519501,Ibirarema,2420,2,4,2,0,2º Batalhão de Polícia Ambiental,4ª Companhia Ambiental - Marília,2° Pelotão Ambiental - Assis
3519600,Ibitinga,4420,4,4,2,0,4º Batalhão de Polícia Ambiental,4ª Companhia Ambiental - Ribeirão Preto,2° Pelotão Ambiental - Araraquara
3519709,Ibiúna,1310,1,3,1,0,1º Batalhão de Polícia Ambiental,3ª Companhia Ambiental - Sorocaba,1° Pelotão Ambiental - Sorocaba
3519808,Icém,4110,4,1,1,0,4º Batalhão de Polícia Ambiental,1ª Companhia Ambiental - São José do Rio Preto,1° Pelotão Ambiental - São José do Rio Preto
3519907,Iepê,2310,2,3,1,0,2º Batalhão de Polícia Ambiental,3ª Companhia Ambiental - Presidente Prudente,1° Pelotão Ambiental - Presidente Prudente
3520004,Igaraçu do Tietê,2210,2,2,1,0,2º Batalhão de Polícia Ambiental,2ª Companhia Ambiental - Bauru,1° Pelotão Ambiental - Bauru
3520103,Igarapava,4310,4,3,1,0,4º Batalhão de Polícia Ambiental,3ª Companhia Ambiental - Franca,1° Pelotão Ambiental - Franca
3520202,Igaratá,3430,3,4,3,0,3º Batalhão de Polícia Ambiental,4ª Companhia Ambiental - Taubaté,3° Pelotão Ambiental - São José dos Campos
3520301,Iguape,3230,3,2,3,0,3º Batalhão de Polícia Ambiental,2ª Companhia Ambiental - Registro,3° Pelotão Ambiental - Iguape
3520426,Ilha Comprida,3230,3,2,3,0,3º Batalhão de Polícia Ambiental,2ª Companhia Ambiental - Registro,3° Pelotão Ambiental - Iguape
3520442,Ilha Solteira,2120,2,1,2,0,2º Batalhão de Polícia Ambiental,1ª Companhia Ambiental - Birigui,2° Pelotão Ambiental - Castilho
3520400,Ilhabela,3330,3,3,3,0,3º Batalhão de Polícia Ambiental,3ª Companhia Ambiental - Caraguatatuba,3° Pelotão Ambiental - São Sebastião
3520509,Indaiatuba,1410,1,4,1,0,1º Batalhão de Polícia Ambiental,4ª Companhia Ambiental - Campinas,1° Pelotão Ambiental - Campinas
3520608,Indiana,2310,2,3,1,0,2º Batalhão de Polícia Ambiental,3ª Companhia Ambiental - Presidente Prudente,1° Pelotão Ambiental - Presidente Prudente
3520707,Indiaporã,4210,4,2,1,0,4º Batalhão de Polícia Ambiental,2ª Companhia Ambiental - Fernandópolis,1° Pelotão Ambiental - Fernandópolis
3520806,Inúbia Paulista,2320,2,3,2,0,2º Batalhão de Polícia Ambiental,3ª Companhia Ambiental - Presidente Prudente,2° Pelotão Ambiental - Dracena
3520905,Ipaussu,2420,2,4,2,0,2º Batalhão de Polícia Ambiental,4ª Companhia Ambiental - Marília,2° Pelotão Ambiental - Assis
3521002,Iperó,1310,1,3,1,0,1º Batalhão de Polícia Ambiental,3ª Companhia Ambiental - Sorocaba,1° Pelotão Ambiental - Sorocaba
3521101,Ipeúna,1730,1,7,3,0,1º Batalhão de Polícia Ambiental,7ª Companhia Ambiental - Araras,3° Pelotão Ambiental - Rio Claro
3521150,Ipiguá,4110,4,1,1,0,4º Batalhão de Polícia Ambiental,1ª Companhia Ambiental - São José do Rio Preto,1° Pelotão Ambiental - São José do Rio Preto
3521200,Iporanga,3220,3,2,2,0,3º Batalhão de Polícia Ambiental,2ª Companhia Ambiental - Registro,2° Pelotão Ambiental - Jacupiranga
3521309,Ipuã,4310,4,3,1,0,4º Batalhão de Polícia Ambiental,3ª Companhia Ambiental - Franca,1° Pelotão Ambiental - Franca
3521408,Iracemápolis,1730,1,7,3,0,1º Batalhão de Polícia Ambiental,7ª Companhia Ambiental - Araras,3° Pelotão Ambiental - Rio Claro
3521507,Irapuã,4120,4,1,2,0,4º Batalhão de Polícia Ambiental,1ª Companhia Ambiental - São José do Rio Preto,2° Pelotão Ambiental - Catanduva
3521606,Irapuru,2320,2,3,2,0,2º Batalhão de Polícia Ambiental,3ª Companhia Ambiental - Presidente Prudente,2° Pelotão Ambiental - Dracena
3521705,Itaberá,1610,1,6,1,0,1º Batalhão de Polícia Ambiental,6ª Companhia Ambiental - Itapetininga,1° Pelotão Ambiental - Itapetininga
3521804,Itaí,1320,1,3,2,0,1º Batalhão de Polícia Ambiental,3ª Companhia Ambiental - Sorocaba,2° Pelotão Ambiental - Botucatu
3521903,Itajobi,4120,4,1,2,0,4º Batalhão de Polícia Ambiental,1ª Companhia Ambiental - São José do Rio Preto,2° Pelotão Ambiental - Catanduva
3522000,Itaju,2210,2,2,1,0,2º Batalhão de Polícia Ambiental,2ª Companhia Ambiental - Bauru,1° Pelotão Ambiental - Bauru
3522109,Itanhaém,3120,3,1,2,0,3º Batalhão de Polícia Ambiental,1ª Companhia Ambiental - Guarujá,2° Pelotão Ambiental - Itanhaém
3522158,Itaóca,1620,1,6,2,0,1º Batalhão de Polícia Ambiental,6ª Companhia Ambiental - Itapetininga,2° Pelotão Ambiental - Apiaí
3522208,Itapecerica da Serra,1230,1,2,3,0,1º Batalhão de Polícia Ambiental,2ª Companhia Ambiental - São Paulo (Sul),3° Pelotão Ambiental - Embu
3522307,Itapetininga,1610,1,6,1,0,1º Batalhão de Polícia Ambiental,6ª Companhia Ambiental - Itapetininga,1° Pelotão Ambiental - Itapetininga
3522406,Itapeva,1610,1,6,1,0,1º Batalhão de Polícia Ambiental,6ª Companhia Ambiental - Itapetininga,1° Pelotão Ambiental - Itapetininga
3522505,Itapevi,1130,1,1,3,0,1º Batalhão de Polícia Ambiental,1ª Companhia Ambiental - São Paulo (Norte),3° Pelotão Ambiental - Barueri
3522604,Itapira,1710,1,7,1,0,1º Batalhão de Polícia Ambiental,7ª Companhia Ambiental - Araras,1° Pelotão Ambiental - Araras
3522653,Itapirapuã Paulista,1620,1,6,2,0,1º Batalhão de Polícia Ambiental,6ª Companhia Ambiental - Itapetininga,2° Pelotão Ambiental - Apiaí
3522703,Itápolis,4420,4,4,2,0,4º Batalhão de Polícia Ambiental,4ª Companhia Ambiental - Ribeirão Preto,2° Pelotão Ambiental - Araraquara
3522802,Itaporanga,1610,1,6,1,0,1º Batalhão de Polícia Ambiental,6ª Companhia Ambiental - Itapetininga,1° Pelotão Ambiental - Itapetininga
3522901,Itapuí,2210,2,2,1,0,2º Batalhão de Polícia Ambiental,2ª Companhia Ambiental - Bauru,1° Pelotão Ambiental - Bauru
3523008,Itapura,2120,2,1,2,0,2º Batalhão de Polícia Ambiental,1ª Companhia Ambiental - Birigui,2° Pelotão Ambiental - Castilho
3523107,Itaquaquecetuba,1520,1,5,2,0,1º Batalhão de Polícia Ambiental,5ª Companhia Ambiental - São Paulo (Leste),2° Pelotão Ambiental - Mogi das Cruzes
3523206,Itararé,1610,1,6,1,0,1º Batalhão de Polícia Ambiental,6ª Companhia Ambiental - Itapetininga,1° Pelotão Ambiental - Itapetininga
3523305,Itariri,3120,3,1,2,0,3º Batalhão de Polícia Ambiental,1ª Companhia Ambiental - Guarujá,2° Pelotão Ambiental - Itanhaém
3523404,Itatiba,1430,1,4,3,0,1º Batalhão de Polícia Ambiental,4ª Companhia Ambiental - Campinas,3° Pelotão Ambiental - Jundiaí
3523503,Itatinga,1320,1,3,2,0,1º Batalhão de Polícia Ambiental,3ª Companhia Ambiental - Sorocaba,2° Pelotão Ambiental - Botucatu
3523602,Itirapina,1730,1,7,3,0,1º Batalhão de Polícia Ambiental,7ª Companhia Ambiental - Araras,3° Pelotão Ambiental - Rio Claro
3523701,Itirapuã,4310,4,3,1,0,4º Batalhão de Polícia Ambiental,3ª Companhia Ambiental - Franca,1° Pelotão Ambiental - Franca
3523800,Itobi,1720,1,7,2,0,1º Batalhão de Polícia Ambiental,7ª Companhia Ambiental - Araras,2° Pelotão Ambiental - São João da Boa Vista
3523909,Itu,1310,1,3,1,0,1º Batalhão de Polícia Ambiental,3ª Companhia Ambiental - Sorocaba,1° Pelotão Ambiental - Sorocaba
3524006,Itupeva,1430,1,4,3,0,1º Batalhão de Polícia Ambiental,4ª Companhia Ambiental - Campinas,3° Pelotão Ambiental - Jundiaí
3524105,Ituverava,4310,4,3,1,0,4º Batalhão de Polícia Ambiental,3ª Companhia Ambiental - Franca,1° Pelotão Ambiental - Franca
3524204,Jaborandi,4320,4,3,2,0,4º Batalhão de Polícia Ambiental,3ª Companhia Ambiental - Franca,2° Pelotão Ambiental - Barretos
3524303,Jaboticabal,4410,4,4,1,0,4º Batalhão de Polícia Ambiental,4ª Companhia Ambiental - Ribeirão Preto,1° Pelotão Ambiental - Ribeirão Preto
3524402,Jacareí,3430,3,4,3,0,3º Batalhão de Polícia Ambiental,4ª Companhia Ambiental - Taubaté,3° Pelotão Ambiental - São José dos Campos
3524501,Jaci,4110,4,1,1,0,4º Batalhão de Polícia Ambiental,1ª Companhia Ambiental - São José do Rio Preto,1° Pelotão Ambiental - São José do Rio Preto
3524600,Jacupiranga,3220,3,2,2,0,3º Batalhão de Polícia Ambiental,2ª Companhia Ambiental - Registro,2° Pelotão Ambiental - Jacupiranga
3524709,Jaguariúna,1410,1,4,1,0,1º Batalhão de Polícia Ambiental,4ª Companhia Ambiental - Campinas,1° Pelotão Ambiental - Campinas
3524808,Jales,4230,4,2,3,0,4º Batalhão de Polícia Ambiental,2ª Companhia Ambiental - Fernandópolis,3° Pelotão Ambiental - Jales
3524907,Jambeiro,3430,3,4,3,0,3º Batalhão de Polícia Ambiental,4ª Companhia Ambiental - Taubaté,3° Pelotão Ambiental - São José dos Campos
3525003,Jandira,1130,1,1,3,0,1º Batalhão de Polícia Ambiental,1ª Companhia Ambiental - São Paulo (Norte),3° Pelotão Ambiental - Barueri
3525102,Jardinópolis,4410,4,4,1,0,4º Batalhão de Polícia Ambiental,4ª Companhia Ambiental - Ribeirão Preto,1° Pelotão Ambiental - Ribeirão Preto
3525201,Jarinu,1430,1,4,3,0,1º Batalhão de Polícia Ambiental,4ª Companhia Ambiental - Campinas,3° Pelotão Ambiental - Jundiaí
3525300,Jaú,2210,2,2,1,0,2º Batalhão de Polícia Ambiental,2ª Companhia Ambiental - Bauru,1° Pelotão Ambiental - Bauru
3525409,Jeriquara,4310,4,3,1,0,4º Batalhão de Polícia Ambiental,3ª Companhia Ambiental - Franca,1° Pelotão Ambiental - Franca
3525508,Joanópolis,1420,1,4,2,0,1º Batalhão de Polícia Ambiental,4ª Companhia Ambiental - Campinas,2° Pelotão Ambiental - Atibaia
3525607,João Ramalho,2410,2,4,1,0,2º Batalhão de Polícia Ambiental,4ª Companhia Ambiental - Marília,1° Pelotão Ambiental - Marília
3525706,José Bonifácio,4110,4,1,1,0,4º Batalhão de Polícia Ambiental,1ª Companhia Ambiental - São José do Rio Preto,1° Pelotão Ambiental - São José do Rio Preto
3525805,Júlio Mesquita,2410,2,4,1,0,2º Batalhão de Polícia Ambiental,4ª Companhia Ambiental - Marília,1° Pelotão Ambiental - Marília
3525854,Jumirim,1310,1,3,1,0,1º Batalhão de Polícia Ambiental,3ª Companhia Ambiental - Sorocaba,1° Pelotão Ambiental - Sorocaba
3525904,Jundiaí,1430,1,4,3,0,1º Batalhão de Polícia Ambiental,4ª Companhia Ambiental - Campinas,3° Pelotão Ambiental - Jundiaí
3526001,Junqueirópolis,2320,2,3,2,0,2º Batalhão de Polícia Ambiental,3ª Companhia Ambiental - Presidente Prudente,2° Pelotão Ambiental - Dracena
3526100,Juquiá,3210,3,2,1,0,3º Batalhão de Polícia Ambiental,2ª Companhia Ambiental - Registro,1° Pelotão Ambiental - Registro
3526209,Juquitiba,1230,1,2,3,0,1º Batalhão de Polícia Ambiental,2ª Companhia Ambiental - São Paulo (Sul),3° Pelotão Ambiental - Embu
3526308,Lagoinha,3420,3,4,2,0,3º Batalhão de Polícia Ambiental,4ª Companhia Ambiental - Taubaté,2° Pelotão Ambiental - Guaratinguetá
3526407,Laranjal Paulista,1310,1,3,1,0,1º Batalhão de Polícia Ambiental,3ª Companhia Ambiental - Sorocaba,1° Pelotão Ambiental - Sorocaba
3526506,Lavínia,2120,2,1,2,0,2º Batalhão de Polícia Ambiental,1ª Companhia Ambiental - Birigui,2° Pelotão Ambiental - Castilho
3526605,Lavrinhas,3420,3,4,2,0,3º Batalhão de Polícia Ambiental,4ª Companhia Ambiental - Taubaté,2° Pelotão Ambiental - Guaratinguetá
3526704,Leme,1710,1,7,1,0,1º Batalhão de Polícia Ambiental,7ª Companhia Ambiental - Araras,1° Pelotão Ambiental - Araras
3526803,Lençóis Paulista,2210,2,2,1,0,2º Batalhão de Polícia Ambiental,2ª Companhia Ambiental - Bauru,1° Pelotão Ambiental - Bauru
3526902,Limeira,1710,1,7,1,0,1º Batalhão de Polícia Ambiental,7ª Companhia Ambiental - Araras,1° Pelotão Ambiental - Araras
3527009,Lindóia,1410,1,4,1,0,1º Batalhão de Polícia Ambiental,4ª Companhia Ambiental - Campinas,1° Pelotão Ambiental - Campinas
3527108,Lins,2220,2,2,2,0,2º Batalhão de Polícia Ambiental,2ª Companhia Ambiental - Bauru,2° Pelotão Ambiental - Lins
3527207,Lorena,3420,3,4,2,0,3º Batalhão de Polícia Ambiental,4ª Companhia Ambiental - Taubaté,2° Pelotão Ambiental - Guaratinguetá
3527256,Lourdes,2110,2,1,1,0,2º Batalhão de Polícia Ambiental,1ª Companhia Ambiental - Birigui,1° Pelotão Ambiental - Araçatuba
3527306,Louveira,1430,1,4,3,0,1º Batalhão de Polícia Ambiental,4ª Companhia Ambiental - Campinas,3° Pelotão Ambiental - Jundiaí
3527405,Lucélia,2320,2,3,2,0,2º Batalhão de Polícia Ambiental,3ª Companhia Ambiental - Presidente Prudente,2° Pelotão Ambiental - Dracena
3527504,Lucianópolis,2210,2,2,1,0,2º Batalhão de Polícia Ambiental,2ª Companhia Ambiental - Bauru,1° Pelotão Ambiental - Bauru
3527603,Luís Antônio,4410,4,4,1,0,4º Batalhão de Polícia Ambiental,4ª Companhia Ambiental - Ribeirão Preto,1° Pelotão Ambiental - Ribeirão Preto
3527702,Luiziânia,2110,2,1,1,0,2º Batalhão de Polícia Ambiental,1ª Companhia Ambiental - Birigui,1° Pelotão Ambiental - Araçatuba
3527801,Lupércio,2410,2,4,1,0,2º Batalhão de Polícia Ambiental,4ª Companhia Ambiental - Marília,1° Pelotão Ambiental - Marília
3527900,Lutécia,2420,2,4,2,0,2º Batalhão de Polícia Ambiental,4ª Companhia Ambiental - Marília,2° Pelotão Ambiental - Assis
3528007,Macatuba,2210,2,2,1,0,2º Batalhão de Polícia Ambiental,2ª Companhia Ambiental - Bauru,1° Pelotão Ambiental - Bauru
3528106,Macaubal,4220,4,2,2,0,4º Batalhão de Polícia Ambiental,2ª Companhia Ambiental - Fernandópolis,2° Pelotão Ambiental - Votuporanga
3528205,Macedônia,4210,4,2,1,0,4º Batalhão de Polícia Ambiental,2ª Companhia Ambiental - Fernandópolis,1° Pelotão Ambiental - Fernandópolis
3528304,Magda,4220,4,2,2,0,4º Batalhão de Polícia Ambiental,2ª Companhia Ambiental - Fernandópolis,2° Pelotão Ambiental - Votuporanga
3528403,Mairinque,1310,1,3,1,0,1º Batalhão de Polícia Ambiental,3ª Companhia Ambiental - Sorocaba,1° Pelotão Ambiental - Sorocaba
3528502,Mairiporã,1120,1,1,2,0,1º Batalhão de Polícia Ambiental,1ª Companhia Ambiental - São Paulo (Norte),2° Pelotão Ambiental - São Paulo (Oeste)
3528601,Manduri,1320,1,3,2,0,1º Batalhão de Polícia Ambiental,3ª Companhia Ambiental - Sorocaba,2° Pelotão Ambiental - Botucatu
3528700,Marabá Paulista,2310,2,3,1,0,2º Batalhão de Polícia Ambiental,3ª Companhia Ambiental - Presidente Prudente,1° Pelotão Ambiental - Presidente Prudente
3528809,Maracaí,2420,2,4,2,0,2º Batalhão de Polícia Ambiental,4ª Companhia Ambiental - Marília,2° Pelotão Ambiental - Assis
3528858,Marapoama,4120,4,1,2,0,4º Batalhão de Polícia Ambiental,1ª Companhia Ambiental - São José do Rio Preto,2° Pelotão Ambiental - Catanduva
3528908,Mariápolis,2320,2,3,2,0,2º Batalhão de Polícia Ambiental,3ª Companhia Ambiental - Presidente Prudente,2° Pelotão Ambiental - Dracena
3529005,Marília,2410,2,4,1,0,2º Batalhão de Polícia Ambiental,4ª Companhia Ambiental - Marília,1° Pelotão Ambiental - Marília
3529104,Marinópolis,4230,4,2,3,0,4º Batalhão de Polícia Ambiental,2ª Companhia Ambiental - Fernandópolis,3° Pelotão Ambiental - Jales
3529203,Martinópolis,2310,2,3,1,0,2º Batalhão de Polícia Ambiental,3ª Companhia Ambiental - Presidente Prudente,1° Pelotão Ambiental - Presidente Prudente
3529302,Matão,4420,4,4,2,0,4º Batalhão de Polícia Ambiental,4ª Companhia Ambiental - Ribeirão Preto,2° Pelotão Ambiental - Araraquara
3529401,Mauá,1220,1,2,2,0,1º Batalhão de Polícia Ambiental,2ª Companhia Ambiental - São Paulo (Sul),2° Pelotão Ambiental - São Paulo
3529500,Mendonça,4110,4,1,1,0,4º Batalhão de Polícia Ambiental,1ª Companhia Ambiental - São José do Rio Preto,1° Pelotão Ambiental - São José do Rio Preto
3529609,Meridiano,4210,4,2,1,0,4º Batalhão de Polícia Ambiental,2ª Companhia Ambiental - Fernandópolis,1° Pelotão Ambiental - Fernandópolis
3529658,Mesópolis,4230,4,2,3,0,4º Batalhão de Polícia Ambiental,2ª Companhia Ambiental - Fernandópolis,3° Pelotão Ambiental - Jales
3529708,Miguelópolis,4310,4,3,1,0,4º Batalhão de Polícia Ambiental,3ª Companhia Ambiental - Franca,1° Pelotão Ambiental - Franca
3529807,Mineiros do Tietê,2210,2,2,1,0,2º Batalhão de Polícia Ambiental,2ª Companhia Ambiental - Bauru,1° Pelotão Ambiental - Bauru
3530003,Mira Estrela,4210,4,2,1,0,4º Batalhão de Polícia Ambiental,2ª Companhia Ambiental - Fernandópolis,1° Pelotão Ambiental - Fernandópolis
3529906,Miracatu,3210,3,2,1,0,3º Batalhão de Polícia Ambiental,2ª Companhia Ambiental - Registro,1° Pelotão Ambiental - Registro
3530102,Mirandópolis,2120,2,1,2,0,2º Batalhão de Polícia Ambiental,1ª Companhia Ambiental - Birigui,2° Pelotão Ambiental - Castilho
3530201,Mirante do Paranapanema,2310,2,3,1,0,2º Batalhão de Polícia Ambiental,3ª Companhia Ambiental - Presidente Prudente,1° Pelotão Ambiental - Presidente Prudente
3530300,Mirassol,4110,4,1,1,0,4º Batalhão de Polícia Ambiental,1ª Companhia Ambiental - São José do Rio Preto,1° Pelotão Ambiental - São José do Rio Preto
3530409,Mirassolândia,4110,4,1,1,0,4º Batalhão de Polícia Ambiental,1ª Companhia Ambiental - São José do Rio Preto,1° Pelotão Ambiental - São José do Rio Preto
3530508,Mococa,1720,1,7,2,0,1º Batalhão de Polícia Ambiental,7ª Companhia Ambiental - Araras,2° Pelotão Ambiental - São João da Boa Vista
3530706,Mogi Guaçu,1710,1,7,1,0,1º Batalhão de Polícia Ambiental,7ª Companhia Ambiental - Araras,1° Pelotão Ambiental - Araras
3530607,Mogi das Cruzes,1520,1,5,2,0,1º Batalhão de Polícia Ambiental,5ª Companhia Ambiental - São Paulo (Leste),2° Pelotão Ambiental - Mogi das Cruzes
3530805,Mogi Mirim,1710,1,7,1,0,1º Batalhão de Polícia Ambiental,7ª Companhia Ambiental - Araras,1° Pelotão Ambiental - Araras
3530904,Mombuca,1730,1,7,3,0,1º Batalhão de Polícia Ambiental,7ª Companhia Ambiental - Araras,3° Pelotão Ambiental - Rio Claro
3531001,Monções,4220,4,2,2,0,4º Batalhão de Polícia Ambiental,2ª Companhia Ambiental - Fernandópolis,2° Pelotão Ambiental - Votuporanga
3531100,Mongaguá,3120,3,1,2,0,3º Batalhão de Polícia Ambiental,1ª Companhia Ambiental - Guarujá,2° Pelotão Ambiental - Itanhaém
3531209,Monte Alegre do Sul,1410,1,4,1,0,1º Batalhão de Polícia Ambiental,4ª Companhia Ambiental - Campinas,1° Pelotão Ambiental - Campinas
3531308,Monte Alto,4410,4,4,1,0,4º Batalhão de Polícia Ambiental,4ª Companhia Ambiental - Ribeirão Preto,1° Pelotão Ambiental - Ribeirão Preto
3531407,Monte Aprazível,4110,4,1,1,0,4º Batalhão de Polícia Ambiental,1ª Companhia Ambiental - São José do Rio Preto,1° Pelotão Ambiental - São José do Rio Preto
3531506,Monte Azul Paulista,4320,4,3,2,0,4º Batalhão de Polícia Ambiental,3ª Companhia Ambiental - Franca,2° Pelotão Ambiental - Barretos
3531605,Monte Castelo,2320,2,3,2,0,2º Batalhão de Polícia Ambiental,3ª Companhia Ambiental - Presidente Prudente,2° Pelotão Ambiental - Dracena
3531803,Monte Mor,1410,1,4,1,0,1º Batalhão de Polícia Ambiental,4ª Companhia Ambiental - Campinas,1° Pelotão Ambiental - Campinas
3531704,Monteiro Lobato,3430,3,4,3,0,3º Batalhão de Polícia Ambiental,4ª Companhia Ambiental - Taubaté,3° Pelotão Ambiental - São José dos Campos
3531902,Morro Agudo,4310,4,3,1,0,4º Batalhão de Polícia Ambiental,3ª Companhia Ambiental - Franca,1° Pelotão Ambiental - Franca
3532009,Morungaba,1410,1,4,1,0,1º Batalhão de Polícia Ambiental,4ª Companhia Ambiental - Campinas,1° Pelotão Ambiental - Campinas
3532058,Motuca,4420,4,4,2,0,4º Batalhão de Polícia Ambiental,4ª Companhia Ambiental - Ribeirão Preto,2° Pelotão Ambiental - Araraquara
3532108,Murutinga do Sul,2120,2,1,2,0,2º Batalhão de Polícia Ambiental,1ª Companhia Ambiental - Birigui,2° Pelotão Ambiental - Castilho
3532157,Nantes,2310,2,3,1,0,2º Batalhão de Polícia Ambiental,3ª Companhia Ambiental - Presidente Prudente,1° Pelotão Ambiental - Presidente Prudente
3532207,Narandiba,2310,2,3,1,0,2º Batalhão de Polícia Ambiental,3ª Companhia Ambiental - Presidente Prudente,1° Pelotão Ambiental - Presidente Prudente
3532306,Natividade da Serra,3410,3,4,1,0,3º Batalhão de Polícia Ambiental,4ª Companhia Ambiental - Taubaté,1° Pelotão Ambiental - Taubaté
3532405,Nazaré Paulista,1420,1,4,2,0,1º Batalhão de Polícia Ambiental,4ª Companhia Ambiental - Campinas,2° Pelotão Ambiental - Atibaia
3532504,Neves Paulista,4110,4,1,1,0,4º Batalhão de Polícia Ambiental,1ª Companhia Ambiental - São José do Rio Preto,1° Pelotão Ambiental - São José do Rio Preto
3532603,Nhandeara,4220,4,2,2,0,4º Batalhão de Polícia Ambiental,2ª Companhia Ambiental - Fernandópolis,2° Pelotão Ambiental - Votuporanga
3532702,Nipoã,4110,4,1,1,0,4º Batalhão de Polícia Ambiental,1ª Companhia Ambiental - São José do Rio Preto,1° Pelotão Ambiental - São José do Rio Preto
3532801,Nova Aliança,4110,4,1,1,0,4º Batalhão de Polícia Ambiental,1ª Companhia Ambiental - São José do Rio Preto,1° Pelotão Ambiental - São José do Rio Preto
3532827,Nova Campina,1610,1,6,1,0,1º Batalhão de Polícia Ambiental,6ª Companhia Ambiental - Itapetininga,1° Pelotão Ambiental - Itapetininga
3532843,Nova Canaã Paulista,4230,4,2,3,0,4º Batalhão de Polícia Ambiental,2ª Companhia Ambiental - Fernandópolis,3° Pelotão Ambiental - Jales
3532868,Nova Castilho,2120,2,1,2,0,2º Batalhão de Polícia Ambiental,1ª Companhia Ambiental - Birigui,2° Pelotão Ambiental - Castilho
3532900,Nova Europa,4420,4,4,2,0,4º Batalhão de Polícia Ambiental,4ª Companhia Ambiental - Ribeirão Preto,2° Pelotão Ambiental - Araraquara
3533007,Nova Granada,4110,4,1,1,0,4º Batalhão de Polícia Ambiental,1ª Companhia Ambiental - São José do Rio Preto,1° Pelotão Ambiental - São José do Rio Preto
3533106,Nova Guataporanga,2320,2,3,2,0,2º Batalhão de Polícia Ambiental,3ª Companhia Ambiental - Presidente Prudente,2° Pelotão Ambiental - Dracena
3533205,Nova Independência,2120,2,1,2,0,2º Batalhão de Polícia Ambiental,1ª Companhia Ambiental - Birigui,2° Pelotão Ambiental - Castilho
3533304,Nova Luzitânia,2110,2,1,1,0,2º Batalhão de Polícia Ambiental,1ª Companhia Ambiental - Birigui,1° Pelotão Ambiental - Araçatuba
3533403,Nova Odessa,1410,1,4,1,0,1º Batalhão de Polícia Ambiental,4ª Companhia Ambiental - Campinas,1° Pelotão Ambiental - Campinas
3533254,Novais,4120,4,1,2,0,4º Batalhão de Polícia Ambiental,1ª Companhia Ambiental - São José do Rio Preto,2° Pelotão Ambiental - Catanduva
3533502,Novo Horizonte,4120,4,1,2,0,4º Batalhão de Polícia Ambiental,1ª Companhia Ambiental - São José do Rio Preto,2° Pelotão Ambiental - Catanduva
3533601,Nuporanga,4310,4,3,1,0,4º Batalhão de Polícia Ambiental,3ª Companhia Ambiental - Franca,1° Pelotão Ambiental - Franca
3533700,Ocauçu,2410,2,4,1,0,2º Batalhão de Polícia Ambiental,4ª Companhia Ambiental - Marília,1° Pelotão Ambiental - Marília
3533809,Óleo,2420,2,4,2,0,2º Batalhão de Polícia Ambiental,4ª Companhia Ambiental - Marília,2° Pelotão Ambiental - Assis
3533908,Olímpia,4320,4,3,2,0,4º Batalhão de Polícia Ambiental,3ª Companhia Ambiental - Franca,2° Pelotão Ambiental - Barretos
3534005,Onda Verde,4110,4,1,1,0,4º Batalhão de Polícia Ambiental,1ª Companhia Ambiental - São José do Rio Preto,1° Pelotão Ambiental - São José do Rio Preto
3534104,Oriente,2410,2,4,1,0,2º Batalhão de Polícia Ambiental,4ª Companhia Ambiental - Marília,1° Pelotão Ambiental - Marília
3534203,Orindiúva,4110,4,1,1,0,4º Batalhão de Polícia Ambiental,1ª Companhia Ambiental - São José do Rio Preto,1° Pelotão Ambiental - São José do Rio Preto
3534302,Orlândia,4310,4,3,1,0,4º Batalhão de Polícia Ambiental,3ª Companhia Ambiental - Franca,1° Pelotão Ambiental - Franca
3534401,Osasco,1130,1,1,3,0,1º Batalhão de Polícia Ambiental,1ª Companhia Ambiental - São Paulo (Norte),3° Pelotão Ambiental - Barueri
3534500,Oscar Bressane,2410,2,4,1,0,2º Batalhão de Polícia Ambiental,4ª Companhia Ambiental - Marília,1° Pelotão Ambiental - Marília
3534609,Osvaldo Cruz,2320,2,3,2,0,2º Batalhão de Polícia Ambiental,3ª Companhia Ambiental - Presidente Prudente,2° Pelotão Ambiental - Dracena
3534708,Ourinhos,2420,2,4,2,0,2º Batalhão de Polícia Ambiental,4ª Companhia Ambiental - Marília,2° Pelotão Ambiental - Assis
3534807,Ouro Verde,2320,2,3,2,0,2º Batalhão de Polícia Ambiental,3ª Companhia Ambiental - Presidente Prudente,2° Pelotão Ambiental - Dracena
3534757,Ouroeste,4210,4,2,1,0,4º Batalhão de Polícia Ambiental,2ª Companhia Ambiental - Fernandópolis,1° Pelotão Ambiental - Fernandópolis
3534906,Pacaembu,2320,2,3,2,0,2º Batalhão de Polícia Ambiental,3ª Companhia Ambiental - Presidente Prudente,2° Pelotão Ambiental - Dracena
3535002,Palestina,4110,4,1,1,0,4º Batalhão de Polícia Ambiental,1ª Companhia Ambiental - São José do Rio Preto,1° Pelotão Ambiental - São José do Rio Preto
3535101,Palmares Paulista,4120,4,1,2,0,4º Batalhão de Polícia Ambiental,1ª Companhia Ambiental - São José do Rio Preto,2° Pelotão Ambiental - Catanduva
3535200,Palmeira d'Oeste,4230,4,2,3,0,4º Batalhão de Polícia Ambiental,2ª Companhia Ambiental - Fernandópolis,3° Pelotão Ambiental - Jales
3535309,Palmital,2420,2,4,2,0,2º Batalhão de Polícia Ambiental,4ª Companhia Ambiental - Marília,2° Pelotão Ambiental - Assis
3535408,Panorama,2320,2,3,2,0,2º Batalhão de Polícia Ambiental,3ª Companhia Ambiental - Presidente Prudente,2° Pelotão Ambiental - Dracena
3535507,Paraguaçu Paulista,2420,2,4,2,0,2º Batalhão de Polícia Ambiental,4ª Companhia Ambiental - Marília,2° Pelotão Ambiental - Assis
3535606,Paraibuna,3430,3,4,3,0,3º Batalhão de Polícia Ambiental,4ª Companhia Ambiental - Taubaté,3° Pelotão Ambiental - São José dos Campos
3535705,Paraíso,4120,4,1,2,0,4º Batalhão de Polícia Ambiental,1ª Companhia Ambiental - São José do Rio Preto,2° Pelotão Ambiental - Catanduva
3535804,Paranapanema,1320,1,3,2,0,1º Batalhão de Polícia Ambiental,3ª Companhia Ambiental - Sorocaba,2° Pelotão Ambiental - Botucatu
3535903,Paranapuã,4230,4,2,3,0,4º Batalhão de Polícia Ambiental,2ª Companhia Ambiental - Fernandópolis,3° Pelotão Ambiental - Jales
3536000,Parapuã,2410,2,4,1,0,2º Batalhão de Polícia Ambiental,4ª Companhia Ambiental - Marília,1° Pelotão Ambiental - Marília
3536109,Pardinho,1320,1,3,2,0,1º Batalhão de Polícia Ambiental,3ª Companhia Ambiental - Sorocaba,2° Pelotão Ambiental - Botucatu
3536208,Pariquera-Açu,3220,3,2,2,0,3º Batalhão de Polícia Ambiental,2ª Companhia Ambiental - Registro,2° Pelotão Ambiental - Jacupiranga
3536257,Parisi,4220,4,2,2,0,4º Batalhão de Polícia Ambiental,2ª Companhia Ambiental - Fernandópolis,2° Pelotão Ambiental - Votuporanga
3536307,Patrocínio Paulista,4310,4,3,1,0,4º Batalhão de Polícia Ambiental,3ª Companhia Ambiental - Franca,1° Pelotão Ambiental - Franca
3536406,Paulicéia,2320,2,3,2,0,2º Batalhão de Polícia Ambiental,3ª Companhia Ambiental - Presidente Prudente,2° Pelotão Ambiental - Dracena
3536505,Paulínia,1410,1,4,1,0,1º Batalhão de Polícia Ambiental,4ª Companhia Ambiental - Campinas,1° Pelotão Ambiental - Campinas
3536570,Paulistânia,2210,2,2,1,0,2º Batalhão de Polícia Ambiental,2ª Companhia Ambiental - Bauru,1° Pelotão Ambiental - Bauru
3536604,Paulo de Faria,4110,4,1,1,0,4º Batalhão de Polícia Ambiental,1ª Companhia Ambiental - São José do Rio Preto,1° Pelotão Ambiental - São José do Rio Preto
3536703,Pederneiras,2210,2,2,1,0,2º Batalhão de Polícia Ambiental,2ª Companhia Ambiental - Bauru,1° Pelotão Ambiental - Bauru
3536802,Pedra Bela,1420,1,4,2,0,1º Batalhão de Polícia Ambiental,4ª Companhia Ambiental - Campinas,2° Pelotão Ambiental - Atibaia
3536901,Pedranópolis,4210,4,2,1,0,4º Batalhão de Polícia Ambiental,2ª Companhia Ambiental - Fernandópolis,1° Pelotão Ambiental - Fernandópolis
3537008,Pedregulho,4310,4,3,1,0,4º Batalhão de Polícia Ambiental,3ª Companhia Ambiental - Franca,1° Pelotão Ambiental - Franca
3537107,Pedreira,1410,1,4,1,0,1º Batalhão de Polícia Ambiental,4ª Companhia Ambiental - Campinas,1° Pelotão Ambiental - Campinas
3537156,Pedrinhas Paulista,2420,2,4,2,0,2º Batalhão de Polícia Ambiental,4ª Companhia Ambiental - Marília,2° Pelotão Ambiental - Assis
3537206,Pedro de Toledo,3120,3,1,2,0,3º Batalhão de Polícia Ambiental,1ª Companhia Ambiental - Guarujá,2° Pelotão Ambiental - Itanhaém
3537305,Penápolis,2110,2,1,1,0,2º Batalhão de Polícia Ambiental,1ª Companhia Ambiental - Birigui,1° Pelotão Ambiental - Araçatuba
3537404,Pereira Barreto,2120,2,1,2,0,2º Batalhão de Polícia Ambiental,1ª Companhia Ambiental - Birigui,2° Pelotão Ambiental - Castilho
3537503,Pereiras,1310,1,3,1,0,1º Batalhão de Polícia Ambiental,3ª Companhia Ambiental - Sorocaba,1° Pelotão Ambiental - Sorocaba
3537602,Peruíbe,3120,3,1,2,0,3º Batalhão de Polícia Ambiental,1ª Companhia Ambiental - Guarujá,2° Pelotão Ambiental - Itanhaém
3537701,Piacatu,2110,2,1,1,0,2º Batalhão de Polícia Ambiental,1ª Companhia Ambiental - Birigui,1° Pelotão Ambiental - Araçatuba
3537800,Piedade,1310,1,3,1,0,1º Batalhão de Polícia Ambiental,3ª Companhia Ambiental - Sorocaba,1° Pelotão Ambiental - Sorocaba
3537909,Pilar do Sul,1310,1,3,1,0,1º Batalhão de Polícia Ambiental,3ª Companhia Ambiental - Sorocaba,1° Pelotão Ambiental - Sorocaba
3538006,Pindamonhangaba,3410,3,4,1,0,3º Batalhão de Polícia Ambiental,4ª Companhia Ambiental - Taubaté,1° Pelotão Ambiental - Taubaté
3538105,Pindorama,4120,4,1,2,0,4º Batalhão de Polícia Ambiental,1ª Companhia Ambiental - São José do Rio Preto,2° Pelotão Ambiental - Catanduva
3538204,Pinhalzinho,1420,1,4,2,0,1º Batalhão de Polícia Ambiental,4ª Companhia Ambiental - Campinas,2° Pelotão Ambiental - Atibaia
3538303,Piquerobi,2310,2,3,1,0,2º Batalhão de Polícia Ambiental,3ª Companhia Ambiental - Presidente Prudente,1° Pelotão Ambiental - Presidente Prudente
3538501,Piquete,3420,3,4,2,0,3º Batalhão de Polícia Ambiental,4ª Companhia Ambiental - Taubaté,2° Pelotão Ambiental - Guaratinguetá
3538600,Piracaia,1420,1,4,2,0,1º Batalhão de Polícia Ambiental,4ª Companhia Ambiental - Campinas,2° Pelotão Ambiental - Atibaia
3538709,Piracicaba,1730,1,7,3,0,1º Batalhão de Polícia Ambiental,7ª Companhia Ambiental - Araras,3° Pelotão Ambiental - Rio Claro
3538808,Piraju,1320,1,3,2,0,1º Batalhão de Polícia Ambiental,3ª Companhia Ambiental - Sorocaba,2° Pelotão Ambiental - Botucatu
3538907,Pirajuí,2210,2,2,1,0,2º Batalhão de Polícia Ambiental,2ª Companhia Ambiental - Bauru,1° Pelotão Ambiental - Bauru
3539004,Pirangi,4320,4,3,2,0,4º Batalhão de Polícia Ambiental,3ª Companhia Ambiental - Franca,2° Pelotão Ambiental - Barretos
3539103,Pirapora do Bom Jesus,1130,1,1,3,0,1º Batalhão de Polícia Ambiental,1ª Companhia Ambiental - São Paulo (Norte),3° Pelotão Ambiental - Barueri
3539202,Pirapozinho,2310,2,3,1,0,2º Batalhão de Polícia Ambiental,3ª Companhia Ambiental - Presidente Prudente,1° Pelotão Ambiental - Presidente Prudente
3539301,Pirassununga,1710,1,7,1,0,1º Batalhão de Polícia Ambiental,7ª Companhia Ambiental - Araras,1° Pelotão Ambiental - Araras
3539400,Piratininga,2210,2,2,1,0,2º Batalhão de Polícia Ambiental,2ª Companhia Ambiental - Bauru,1° Pelotão Ambiental - Bauru
3539509,Pitangueiras,4410,4,4,1,0,4º Batalhão de Polícia Ambiental,4ª Companhia Ambiental - Ribeirão Preto,1° Pelotão Ambiental - Ribeirão Preto
3539608,Planalto,4110,4,1,1,0,4º Batalhão de Polícia Ambiental,1ª Companhia Ambiental - São José do Rio Preto,1° Pelotão Ambiental - São José do Rio Preto
3539707,Platina,2420,2,4,2,0,2º Batalhão de Polícia Ambiental,4ª Companhia Ambiental - Marília,2° Pelotão Ambiental - Assis
3539806,Poá,1520,1,5,2,0,1º Batalhão de Polícia Ambiental,5ª Companhia Ambiental - São Paulo (Leste),2° Pelotão Ambiental - Mogi das Cruzes
3539905,Poloni,4110,4,1,1,0,4º Batalhão de Polícia Ambiental,1ª Companhia Ambiental - São José do Rio Preto,1° Pelotão Ambiental - São José do Rio Preto
3540002,Pompéia,2410,2,4,1,0,2º Batalhão de Polícia Ambiental,4ª Companhia Ambiental - Marília,1° Pelotão Ambiental - Marília
3540101,Pongaí,2220,2,2,2,0,2º Batalhão de Polícia Ambiental,2ª Companhia Ambiental - Bauru,2° Pelotão Ambiental - Lins
3540200,Pontal,4410,4,4,1,0,4º Batalhão de Polícia Ambiental,4ª Companhia Ambiental - Ribeirão Preto,1° Pelotão Ambiental - Ribeirão Preto
3540259,Pontalinda,4230,4,2,3,0,4º Batalhão de Polícia Ambiental,2ª Companhia Ambiental - Fernandópolis,3° Pelotão Ambiental - Jales
3540309,Pontes Gestal,4220,4,2,2,0,4º Batalhão de Polícia Ambiental,2ª Companhia Ambiental - Fernandópolis,2° Pelotão Ambiental - Votuporanga
3540408,Populina,4210,4,2,1,0,4º Batalhão de Polícia Ambiental,2ª Companhia Ambiental - Fernandópolis,1° Pelotão Ambiental - Fernandópolis
3540507,Porangaba,1320,1,3,2,0,1º Batalhão de Polícia Ambiental,3ª Companhia Ambiental - Sorocaba,2° Pelotão Ambiental - Botucatu
3540606,Porto Feliz,1310,1,3,1,0,1º Batalhão de Polícia Ambiental,3ª Companhia Ambiental - Sorocaba,1° Pelotão Ambiental - Sorocaba
3540705,Porto Ferreira,4410,4,4,1,0,4º Batalhão de Polícia Ambiental,4ª Companhia Ambiental - Ribeirão Preto,1° Pelotão Ambiental - Ribeirão Preto
3540754,Potim,3420,3,4,2,0,3º Batalhão de Polícia Ambiental,4ª Companhia Ambiental - Taubaté,2° Pelotão Ambiental - Guaratinguetá
3540804,Potirendaba,4110,4,1,1,0,4º Batalhão de Polícia Ambiental,1ª Companhia Ambiental - São José do Rio Preto,1° Pelotão Ambiental - São José do Rio Preto
3540853,Pracinha,2320,2,3,2,0,2º Batalhão de Polícia Ambiental,3ª Companhia Ambiental - Presidente Prudente,2° Pelotão Ambiental - Dracena
3540903,Pradópolis,4410,4,4,1,0,4º Batalhão de Polícia Ambiental,4ª Companhia Ambiental - Ribeirão Preto,1° Pelotão Ambiental - Ribeirão Preto
3541000,Praia Grande,3120,3,1,2,0,3º Batalhão de Polícia Ambiental,1ª Companhia Ambiental - Guarujá,2° Pelotão Ambiental - Itanhaém
3541059,Pratânia,1320,1,3,2,0,1º Batalhão de Polícia Ambiental,3ª Companhia Ambiental - Sorocaba,2° Pelotão Ambiental - Botucatu
3541109,Presidente Alves,2210,2,2,1,0,2º Batalhão de Polícia Ambiental,2ª Companhia Ambiental - Bauru,1° Pelotão Ambiental - Bauru
3541208,Presidente Bernardes,2310,2,3,1,0,2º Batalhão de Polícia Ambiental,3ª Companhia Ambiental - Presidente Prudente,1° Pelotão Ambiental - Presidente Prudente
3541307,Presidente Epitácio,2310,2,3,1,0,2º Batalhão de Polícia Ambiental,3ª Companhia Ambiental - Presidente Prudente,1° Pelotão Ambiental - Presidente Prudente
3541406,Presidente Prudente,2310,2,3,1,0,2º Batalhão de Polícia Ambiental,3ª Companhia Ambiental - Presidente Prudente,1° Pelotão Ambiental - Presidente Prudente
3541505,Presidente Venceslau,2310,2,3,1,0,2º Batalhão de Polícia Ambiental,3ª Companhia Ambiental - Presidente Prudente,1° Pelotão Ambiental - Presidente Prudente
3541604,Promissão,2220,2,2,2,0,2º Batalhão de Polícia Ambiental,2ª Companhia Ambiental - Bauru,2° Pelotão Ambiental - Lins
3541653,Quadra,1310,1,3,1,0,1º Batalhão de Polícia Ambiental,3ª Companhia Ambiental - Sorocaba,1° Pelotão Ambiental - Sorocaba
3541703,Quatá,2410,2,4,1,0,2º Batalhão de Polícia Ambiental,4ª Companhia Ambiental - Marília,1° Pelotão Ambiental - Marília
3541802,Queiroz,2410,2,4,1,0,2º Batalhão de Polícia Ambiental,4ª Companhia Ambiental - Marília,1° Pelotão Ambiental - Marília
3541901,Queluz,3420,3,4,2,0,3º Batalhão de Polícia Ambiental,4ª Companhia Ambiental - Taubaté,2° Pelotão Ambiental - Guaratinguetá
3542008,Quintana,2410,2,4,1,0,2º Batalhão de Polícia Ambiental,4ª Companhia Ambiental - Marília,1° Pelotão Ambiental - Marília
3542107,Rafard,1410,1,4,1,0,1º Batalhão de Polícia Ambiental,4ª Companhia Ambiental - Campinas,1° Pelotão Ambiental - Campinas
3542206,Rancharia,2310,2,3,1,0,2º Batalhão de Polícia Ambiental,3ª Companhia Ambiental - Presidente Prudente,1° Pelotão Ambiental - Presidente Prudente
3542305,Redenção da Serra,3410,3,4,1,0,3º Batalhão de Polícia Ambiental,4ª Companhia Ambiental - Taubaté,1° Pelotão Ambiental - Taubaté
3542404,Regente Feijó,2310,2,3,1,0,2º Batalhão de Polícia Ambiental,3ª Companhia Ambiental - Presidente Prudente,1° Pelotão Ambiental - Presidente Prudente
3542503,Reginópolis,2210,2,2,1,0,2º Batalhão de Polícia Ambiental,2ª Companhia Ambiental - Bauru,1° Pelotão Ambiental - Bauru
3542602,Registro,3210,3,2,1,0,3º Batalhão de Polícia Ambiental,2ª Companhia Ambiental - Registro,1° Pelotão Ambiental - Registro
3542701,Restinga,4310,4,3,1,0,4º Batalhão de Polícia Ambiental,3ª Companhia Ambiental - Franca,1° Pelotão Ambiental - Franca
3542800,Ribeira,1620,1,6,2,0,1º Batalhão de Polícia Ambiental,6ª Companhia Ambiental - Itapetininga,2° Pelotão Ambiental - Apiaí
3542909,Ribeirão Bonito,4420,4,4,2,0,4º Batalhão de Polícia Ambiental,4ª Companhia Ambiental - Ribeirão Preto,2° Pelotão Ambiental - Araraquara
3543006,Ribeirão Branco,1610,1,6,1,0,1º Batalhão de Polícia Ambiental,6ª Companhia Ambiental - Itapetininga,1° Pelotão Ambiental - Itapetininga
3543105,Ribeirão Corrente,4310,4,3,1,0,4º Batalhão de Polícia Ambiental,3ª Companhia Ambiental - Franca,1° Pelotão Ambiental - Franca
3543204,Ribeirão do Sul,2420,2,4,2,0,2º Batalhão de Polícia Ambiental,4ª Companhia Ambiental - Marília,2° Pelotão Ambiental - Assis
3543238,Ribeirão dos Índios,2310,2,3,1,0,2º Batalhão de Polícia Ambiental,3ª Companhia Ambiental - Presidente Prudente,1° Pelotão Ambiental - Presidente Prudente
3543253,Ribeirão Grande,1610,1,6,1,0,1º Batalhão de Polícia Ambiental,6ª Companhia Ambiental - Itapetininga,1° Pelotão Ambiental - Itapetininga
3543303,Ribeirão Pires,1220,1,2,2,0,1º Batalhão de Polícia Ambiental,2ª Companhia Ambiental - São Paulo (Sul),2° Pelotão Ambiental - São Paulo
3543402,Ribeirão Preto,4410,4,4,1,0,4º Batalhão de Polícia Ambiental,4ª Companhia Ambiental - Ribeirão Preto,1° Pelotão Ambiental - Ribeirão Preto
3543600,Rifaina,4310,4,3,1,0,4º Batalhão de Polícia Ambiental,3ª Companhia Ambiental - Franca,1° Pelotão Ambiental - Franca
3543709,Rincão,4420,4,4,2,0,4º Batalhão de Polícia Ambiental,4ª Companhia Ambiental - Ribeirão Preto,2° Pelotão Ambiental - Araraquara
3543808,Rinópolis,2410,2,4,1,0,2º Batalhão de Polícia Ambiental,4ª Companhia Ambiental - Marília,1° Pelotão Ambiental - Marília
3543907,Rio Claro,1730,1,7,3,0,1º Batalhão de Polícia Ambiental,7ª Companhia Ambiental - Araras,3° Pelotão Ambiental - Rio Claro
3544004,Rio das Pedras,1730,1,7,3,0,1º Batalhão de Polícia Ambiental,7ª Companhia Ambiental - Araras,3° Pelotão Ambiental - Rio Claro
3544103,Rio Grande da Serra,1220,1,2,2,0,1º Batalhão de Polícia Ambiental,2ª Companhia Ambiental - São Paulo (Sul),2° Pelotão Ambiental - São Paulo
3544202,Riolândia,4220,4,2,2,0,4º Batalhão de Polícia Ambiental,2ª Companhia Ambiental - Fernandópolis,2° Pelotão Ambiental - Votuporanga
3543501,Riversul,1610,1,6,1,0,1º Batalhão de Polícia Ambiental,6ª Companhia Ambiental - Itapetininga,1° Pelotão Ambiental - Itapetininga
3544251,Rosana,2330,2,3,3,0,2º Batalhão de Polícia Ambiental,3ª Companhia Ambiental - Presidente Prudente,3° Pelotão Ambiental - Teodoro Sampaio
3544301,Roseira,3420,3,4,2,0,3º Batalhão de Polícia Ambiental,4ª Companhia Ambiental - Taubaté,2° Pelotão Ambiental - Guaratinguetá
3544400,Rubiácea,2110,2,1,1,0,2º Batalhão de Polícia Ambiental,1ª Companhia Ambiental - Birigui,1° Pelotão Ambiental - Araçatuba
3544509,Rubinéia,4230,4,2,3,0,4º Batalhão de Polícia Ambiental,2ª Companhia Ambiental - Fernandópolis,3° Pelotão Ambiental - Jales
3544608,Sabino,2220,2,2,2,0,2º Batalhão de Polícia Ambiental,2ª Companhia Ambiental - Bauru,2° Pelotão Ambiental - Lins
3544707,Sagres,2320,2,3,2,0,2º Batalhão de Polícia Ambiental,3ª Companhia Ambiental - Presidente Prudente,2° Pelotão Ambiental - Dracena
3544806,Sales,4120,4,1,2,0,4º Batalhão de Polícia Ambiental,1ª Companhia Ambiental - São José do Rio Preto,2° Pelotão Ambiental - Catanduva
3544905,Sales Oliveira,4310,4,3,1,0,4º Batalhão de Polícia Ambiental,3ª Companhia Ambiental - Franca,1° Pelotão Ambiental - Franca
3545001,Salesópolis,1520,1,5,2,0,1º Batalhão de Polícia Ambiental,5ª Companhia Ambiental - São Paulo (Leste),2° Pelotão Ambiental - Mogi das Cruzes
3545100,Salmourão,2320,2,3,2,0,2º Batalhão de Polícia Ambiental,3ª Companhia Ambiental - Presidente Prudente,2° Pelotão Ambiental - Dracena
3545159,Saltinho,1730,1,7,3,0,1º Batalhão de Polícia Ambiental,7ª Companhia Ambiental - Araras,3° Pelotão Ambiental - Rio Claro
3545209,Salto,1410,1,4,1,0,1º Batalhão de Polícia Ambiental,4ª Companhia Ambiental - Campinas,1° Pelotão Ambiental - Campinas
3545308,Salto de Pirapora,1310,1,3,1,0,1º Batalhão de Polícia Ambiental,3ª Companhia Ambiental - Sorocaba,1° Pelotão Ambiental - Sorocaba
3545407,Salto Grande,2420,2,4,2,0,2º Batalhão de Polícia Ambiental,4ª Companhia Ambiental - Marília,2° Pelotão Ambiental - Assis
3545506,Sandovalina,2310,2,3,1,0,2º Batalhão de Polícia Ambiental,3ª Companhia Ambiental - Presidente Prudente,1° Pelotão Ambiental - Presidente Prudente
3545605,Santa Adélia,4120,4,1,2,0,4º Batalhão de Polícia Ambiental,1ª Companhia Ambiental - São José do Rio Preto,2° Pelotão Ambiental - Catanduva
3545704,Santa Albertina,4230,4,2,3,0,4º Batalhão de Polícia Ambiental,2ª Companhia Ambiental - Fernandópolis,3° Pelotão Ambiental - Jales
3545803,Santa Bárbara D'Oeste,1410,1,4,1,0,1º Batalhão de Polícia Ambiental,4ª Companhia Ambiental - Campinas,1° Pelotão Ambiental - Campinas
3546009,Santa Branca,3430,3,4,3,0,3º Batalhão de Polícia Ambiental,4ª Companhia Ambiental - Taubaté,3° Pelotão Ambiental - São José dos Campos
3546108,Santa Clara d'Oeste,4230,4,2,3,0,4º Batalhão de Polícia Ambiental,2ª Companhia Ambiental - Fernandópolis,3° Pelotão Ambiental - Jales
3546207,Santa Cruz da Conceição,1710,1,7,1,0,1º Batalhão de Polícia Ambiental,7ª Companhia Ambiental - Araras,1° Pelotão Ambiental - Araras
3546256,Santa Cruz da Esperança,4410,4,4,1,0,4º Batalhão de Polícia Ambiental,4ª Companhia Ambiental - Ribeirão Preto,1° Pelotão Ambiental - Ribeirão Preto
3546306,Santa Cruz das Palmeiras,1710,1,7,1,0,1º Batalhão de Polícia Ambiental,7ª Companhia Ambiental - Araras,1° Pelotão Ambiental - Araras
3546405,Santa Cruz do Rio Pardo,2420,2,4,2,0,2º Batalhão de Polícia Ambiental,4ª Companhia Ambiental - Marília,2° Pelotão Ambiental - Assis
3546504,Santa Ernestina,4410,4,4,1,0,4º Batalhão de Polícia Ambiental,4ª Companhia Ambiental - Ribeirão Preto,1° Pelotão Ambiental - Ribeirão Preto
3546603,Santa Fé do Sul,4230,4,2,3,0,4º Batalhão de Polícia Ambiental,2ª Companhia Ambiental - Fernandópolis,3° Pelotão Ambiental - Jales
3546702,Santa Gertrudes,1730,1,7,3,0,1º Batalhão de Polícia Ambiental,7ª Companhia Ambiental - Araras,3° Pelotão Ambiental - Rio Claro
3546801,Santa Isabel,1520,1,5,2,0,1º Batalhão de Polícia Ambiental,5ª Companhia Ambiental - São Paulo (Leste),2° Pelotão Ambiental - Mogi das Cruzes
3546900,Santa Lúcia,4420,4,4,2,0,4º Batalhão de Polícia Ambiental,4ª Companhia Ambiental - Ribeirão Preto,2° Pelotão Ambiental - Araraquara
3547007,Santa Maria da Serra,1730,1,7,3,0,1º Batalhão de Polícia Ambiental,7ª Companhia Ambiental - Araras,3° Pelotão Ambiental - Rio Claro
3547106,Santa Mercedes,2320,2,3,2,0,2º Batalhão de Polícia Ambiental,3ª Companhia Ambiental - Presidente Prudente,2° Pelotão Ambiental - Dracena
3547502,Santa Rita do Passa Quatro,4410,4,4,1,0,4º Batalhão de Polícia Ambiental,4ª Companhia Ambiental - Ribeirão Preto,1° Pelotão Ambiental - Ribeirão Preto
3547403,Santa Rita d'Oeste,4230,4,2,3,0,4º Batalhão de Polícia Ambiental,2ª Companhia Ambiental - Fernandópolis,3° Pelotão Ambiental - Jales
3547601,Santa Rosa de Viterbo,4410,4,4,1,0,4º Batalhão de Polícia Ambiental,4ª Companhia Ambiental - Ribeirão Preto,1° Pelotão Ambiental - Ribeirão Preto
3547650,Santa Salete,4230,4,2,3,0,4º Batalhão de Polícia Ambiental,2ª Companhia Ambiental - Fernandópolis,3° Pelotão Ambiental - Jales
3547205,Santana da Ponte Pensa,4230,4,2,3,0,4º Batalhão de Polícia Ambiental,2ª Companhia Ambiental - Fernandópolis,3° Pelotão Ambiental - Jales
3547304,Santana de Parnaíba,1130,1,1,3,0,1º Batalhão de Polícia Ambiental,1ª Companhia Ambiental - São Paulo (Norte),3° Pelotão Ambiental - Barueri
3547700,Santo Anastácio,2310,2,3,1,0,2º Batalhão de Polícia Ambiental,3ª Companhia Ambiental - Presidente Prudente,1° Pelotão Ambiental - Presidente Prudente
3547809,Santo André,1220,1,2,2,0,1º Batalhão de Polícia Ambiental,2ª Companhia Ambiental - São Paulo (Sul),2° Pelotão Ambiental - São Paulo
3547908,Santo Antônio da Alegria,4410,4,4,1,0,4º Batalhão de Polícia Ambiental,4ª Companhia Ambiental - Ribeirão Preto,1° Pelotão Ambiental - Ribeirão Preto
3548005,Santo Antônio de Posse,1410,1,4,1,0,1º Batalhão de Polícia Ambiental,4ª Companhia Ambiental - Campinas,1° Pelotão Ambiental - Campinas
3548054,Santo Antônio do Aracanguá,2110,2,1,1,0,2º Batalhão de Polícia Ambiental,1ª Companhia Ambiental - Birigui,1° Pelotão Ambiental - Araçatuba
3548104,Santo Antônio do Jardim,1720,1,7,2,0,1º Batalhão de Polícia Ambiental,7ª Companhia Ambiental - Araras,2° Pelotão Ambiental - São João da Boa Vista
3548203,Santo Antônio do Pinhal,3430,3,4,3,0,3º Batalhão de Polícia Ambiental,4ª Companhia Ambiental - Taubaté,3° Pelotão Ambiental - São José dos Campos
3548302,Santo Expedito,2310,2,3,1,0,2º Batalhão de Polícia Ambiental,3ª Companhia Ambiental - Presidente Prudente,1° Pelotão Ambiental - Presidente Prudente
3548401,Santópolis do Aguapeí,2110,2,1,1,0,2º Batalhão de Polícia Ambiental,1ª Companhia Ambiental - Birigui,1° Pelotão Ambiental - Araçatuba
3548500,Santos,3110,3,1,1,0,3º Batalhão de Polícia Ambiental,1ª Companhia Ambiental - Guarujá,1° Pelotão Ambiental - Guarujá
3548609,São Bento do Sapucaí,3430,3,4,3,0,3º Batalhão de Polícia Ambiental,4ª Companhia Ambiental - Taubaté,3° Pelotão Ambiental - São José dos Campos
3548708,São Bernardo do Campo,1220,1,2,2,0,1º Batalhão de Polícia Ambiental,2ª Companhia Ambiental - São Paulo (Sul),2° Pelotão Ambiental - São Paulo
3548807,São Caetano do Sul,1220,1,2,2,0,1º Batalhão de Polícia Ambiental,2ª Companhia Ambiental - São Paulo (Sul),2° Pelotão Ambiental - São Paulo
3548906,São Carlos,4420,4,4,2,0,4º Batalhão de Polícia Ambiental,4ª Companhia Ambiental - Ribeirão Preto,2° Pelotão Ambiental - Araraquara
3549003,São Francisco,4230,4,2,3,0,4º Batalhão de Polícia Ambiental,2ª Companhia Ambiental - Fernandópolis,3° Pelotão Ambiental - Jales
3549102,São João da Boa Vista,1720,1,7,2,0,1º Batalhão de Polícia Ambiental,7ª Companhia Ambiental - Araras,2° Pelotão Ambiental - São João da Boa Vista
3549201,São João das Duas Pontes,4210,4,2,1,0,4º Batalhão de Polícia Ambiental,2ª Companhia Ambiental - Fernandópolis,1° Pelotão Ambiental - Fernandópolis
3549250,São João de Iracema,2120,2,1,2,0,2º Batalhão de Polícia Ambiental,1ª Companhia Ambiental - Birigui,2° Pelotão Ambiental - Castilho
3549300,São João do Pau d'Alho,2320,2,3,2,0,2º Batalhão de Polícia Ambiental,3ª Companhia Ambiental - Presidente Prudente,2° Pelotão Ambiental - Dracena
3549409,São Joaquim da Barra,4310,4,3,1,0,4º Batalhão de Polícia Ambiental,3ª Companhia Ambiental - Franca,1° Pelotão Ambiental - Franca
3549508,São José da Bela Vista,4310,4,3,1,0,4º Batalhão de Polícia Ambiental,3ª Companhia Ambiental - Franca,1° Pelotão Ambiental - Franca
3549607,São José do Barreiro,3420,3,4,2,0,3º Batalhão de Polícia Ambiental,4ª Companhia Ambiental - Taubaté,2° Pelotão Ambiental - Guaratinguetá
3549706,São José do Rio Pardo,1720,1,7,2,0,1º Batalhão de Polícia Ambiental,7ª Companhia Ambiental - Araras,2° Pelotão Ambiental - São João da Boa Vista
3549805,São José do Rio Preto,4110,4,1,1,0,4º Batalhão de Polícia Ambiental,1ª Companhia Ambiental - São José do Rio Preto,1° Pelotão Ambiental - São José do Rio Preto
3549904,São José dos Campos,3430,3,4,3,0,3º Batalhão de Polícia Ambiental,4ª Companhia Ambiental - Taubaté,3° Pelotão Ambiental - São José dos Campos
3549953,São Lourenço da Serra,1230,1,2,3,0,1º Batalhão de Polícia Ambiental,2ª Companhia Ambiental - São Paulo (Sul),3° Pelotão Ambiental - Embu
3550001,São Luís do Paraitinga,3410,3,4,1,0,3º Batalhão de Polícia Ambiental,4ª Companhia Ambiental - Taubaté,1° Pelotão Ambiental - Taubaté
3550100,São Manuel,1320,1,3,2,0,1º Batalhão de Polícia Ambiental,3ª Companhia Ambiental - Sorocaba,2° Pelotão Ambiental - Botucatu
3550209,São Miguel Arcanjo,1610,1,6,1,0,1º Batalhão de Polícia Ambiental,6ª Companhia Ambiental - Itapetininga,1° Pelotão Ambiental - Itapetininga
3550308,São Paulo,1210,1,2,1,0,1º Batalhão de Polícia Ambiental,2ª Companhia Ambiental - São Paulo (Sul),1° Pelotão Ambiental - São Paulo (Sul)
3550407,São Pedro,1730,1,7,3,0,1º Batalhão de Polícia Ambiental,7ª Companhia Ambiental - Araras,3° Pelotão Ambiental - Rio Claro
3550506,São Pedro do Turvo,2420,2,4,2,0,2º Batalhão de Polícia Ambiental,4ª Companhia Ambiental - Marília,2° Pelotão Ambiental - Assis
3550605,São Roque,1310,1,3,1,0,1º Batalhão de Polícia Ambiental,3ª Companhia Ambiental - Sorocaba,1° Pelotão Ambiental - Sorocaba
3550704,São Sebastião,3330,3,3,3,0,3º Batalhão de Polícia Ambiental,3ª Companhia Ambiental - Caraguatatuba,3° Pelotão Ambiental - São Sebastião
3550803,São Sebastião da Grama,1720,1,7,2,0,1º Batalhão de Polícia Ambiental,7ª Companhia Ambiental - Araras,2° Pelotão Ambiental - São João da Boa Vista
3550902,São Simão,4410,4,4,1,0,4º Batalhão de Polícia Ambiental,4ª Companhia Ambiental - Ribeirão Preto,1° Pelotão Ambiental - Ribeirão Preto
3551009,São Vicente,3110,3,1,1,0,3º Batalhão de Polícia Ambiental,1ª Companhia Ambiental - Guarujá,1° Pelotão Ambiental - Guarujá
3551108,Sarapuí,1610,1,6,1,0,1º Batalhão de Polícia Ambiental,6ª Companhia Ambiental - Itapetininga,1° Pelotão Ambiental - Itapetininga
3551207,Sarutaiá,1320,1,3,2,0,1º Batalhão de Polícia Ambiental,3ª Companhia Ambiental - Sorocaba,2° Pelotão Ambiental - Botucatu
3551306,Sebastianópolis do Sul,4220,4,2,2,0,4º Batalhão de Polícia Ambiental,2ª Companhia Ambiental - Fernandópolis,2° Pelotão Ambiental - Votuporanga
3551405,Serra Azul,4410,4,4,1,0,4º Batalhão de Polícia Ambiental,4ª Companhia Ambiental - Ribeirão Preto,1° Pelotão Ambiental - Ribeirão Preto
3551603,Serra Negra,1410,1,4,1,0,1º Batalhão de Polícia Ambiental,4ª Companhia Ambiental - Campinas,1° Pelotão Ambiental - Campinas
3551504,Serrana,4410,4,4,1,0,4º Batalhão de Polícia Ambiental,4ª Companhia Ambiental - Ribeirão Preto,1° Pelotão Ambiental - Ribeirão Preto
3551702,Sertãozinho,4410,4,4,1,0,4º Batalhão de Polícia Ambiental,4ª Companhia Ambiental - Ribeirão Preto,1° Pelotão Ambiental - Ribeirão Preto
3551801,Sete Barras,3210,3,2,1,0,3º Batalhão de Polícia Ambiental,2ª Companhia Ambiental - Registro,1° Pelotão Ambiental - Registro
3551900,Severínia,4320,4,3,2,0,4º Batalhão de Polícia Ambiental,3ª Companhia Ambiental - Franca,2° Pelotão Ambiental - Barretos
3552007,Silveiras,3420,3,4,2,0,3º Batalhão de Polícia Ambiental,4ª Companhia Ambiental - Taubaté,2° Pelotão Ambiental - Guaratinguetá
3552106,Socorro,1410,1,4,1,0,1º Batalhão de Polícia Ambiental,4ª Companhia Ambiental - Campinas,1° Pelotão Ambiental - Campinas
3552205,Sorocaba,1310,1,3,1,0,1º Batalhão de Polícia Ambiental,3ª Companhia Ambiental - Sorocaba,1° Pelotão Ambiental - Sorocaba
3552304,Sud Mennucci,2120,2,1,2,0,2º Batalhão de Polícia Ambiental,1ª Companhia Ambiental - Birigui,2° Pelotão Ambiental - Castilho
3552403,Sumaré,1410,1,4,1,0,1º Batalhão de Polícia Ambiental,4ª Companhia Ambiental - Campinas,1° Pelotão Ambiental - Campinas
3552551,Suzanápolis,2120,2,1,2,0,2º Batalhão de Polícia Ambiental,1ª Companhia Ambiental - Birigui,2° Pelotão Ambiental - Castilho
3552502,Suzano,1520,1,5,2,0,1º Batalhão de Polícia Ambiental,5ª Companhia Ambiental - São Paulo (Leste),2° Pelotão Ambiental - Mogi das Cruzes
3552601,Tabapuã,4120,4,1,2,0,4º Batalhão de Polícia Ambiental,1ª Companhia Ambiental - São José do Rio Preto,2° Pelotão Ambiental - Catanduva
3552700,Tabatinga,4420,4,4,2,0,4º Batalhão de Polícia Ambiental,4ª Companhia Ambiental - Ribeirão Preto,2° Pelotão Ambiental - Araraquara
3552809,Taboão da Serra,1230,1,2,3,0,1º Batalhão de Polícia Ambiental,2ª Companhia Ambiental - São Paulo (Sul),3° Pelotão Ambiental - Embu
3552908,Taciba,2310,2,3,1,0,2º Batalhão de Polícia Ambiental,3ª Companhia Ambiental - Presidente Prudente,1° Pelotão Ambiental - Presidente Prudente
3553005,Taguaí,1320,1,3,2,0,1º Batalhão de Polícia Ambiental,3ª Companhia Ambiental - Sorocaba,2° Pelotão Ambiental - Botucatu
3553104,Taiaçu,4320,4,3,2,0,4º Batalhão de Polícia Ambiental,3ª Companhia Ambiental - Franca,2° Pelotão Ambiental - Barretos
3553203,Taiúva,4320,4,3,2,0,4º Batalhão de Polícia Ambiental,3ª Companhia Ambiental - Franca,2° Pelotão Ambiental - Barretos
3553302,Tambaú,1720,1,7,2,0,1º Batalhão de Polícia Ambiental,7ª Companhia Ambiental - Araras,2° Pelotão Ambiental - São João da Boa Vista
3553401,Tanabi,4110,4,1,1,0,4º Batalhão de Polícia Ambiental,1ª Companhia Ambiental - São José do Rio Preto,1° Pelotão Ambiental - São José do Rio Preto
3553500,Tapiraí,1310,1,3,1,0,1º Batalhão de Polícia Ambiental,3ª Companhia Ambiental - Sorocaba,1° Pelotão Ambiental - Sorocaba
3553609,Tapiratiba,1720,1,7,2,0,1º Batalhão de Polícia Ambiental,7ª Companhia Ambiental - Araras,2° Pelotão Ambiental - São João da Boa Vista
3553658,Taquaral,4410,4,4,1,0,4º Batalhão de Polícia Ambiental,4ª Companhia Ambiental - Ribeirão Preto,1° Pelotão Ambiental - Ribeirão Preto
3553708,Taquaritinga,4410,4,4,1,0,4º Batalhão de Polícia Ambiental,4ª Companhia Ambiental - Ribeirão Preto,1° Pelotão Ambiental - Ribeirão Preto
3553807,Taquarituba,1320,1,3,2,0,1º Batalhão de Polícia Ambiental,3ª Companhia Ambiental - Sorocaba,2° Pelotão Ambiental - Botucatu
3553856,Taquarivaí,1610,1,6,1,0,1º Batalhão de Polícia Ambiental,6ª Companhia Ambiental - Itapetininga,1° Pelotão Ambiental - Itapetininga
3553906,Tarabai,2310,2,3,1,0,2º Batalhão de Polícia Ambiental,3ª Companhia Ambiental - Presidente Prudente,1° Pelotão Ambiental - Presidente Prudente
3553955,Tarumã,2420,2,4,2,0,2º Batalhão de Polícia Ambiental,4ª Companhia Ambiental - Marília,2° Pelotão Ambiental - Assis
3554003,Tatuí,1310,1,3,1,0,1º Batalhão de Polícia Ambiental,3ª Companhia Ambiental - Sorocaba,1° Pelotão Ambiental - Sorocaba
3554102,Taubaté,3410,3,4,1,0,3º Batalhão de Polícia Ambiental,4ª Companhia Ambiental - Taubaté,1° Pelotão Ambiental - Taubaté
3554201,Tejupá,1320,1,3,2,0,1º Batalhão de Polícia Ambiental,3ª Companhia Ambiental - Sorocaba,2° Pelotão Ambiental - Botucatu
3554300,Teodoro Sampaio,2330,2,3,3,0,2º Batalhão de Polícia Ambiental,3ª Companhia Ambiental - Presidente Prudente,3° Pelotão Ambiental - Teodoro Sampaio
3554409,Terra Roxa,4320,4,3,2,0,4º Batalhão de Polícia Ambiental,3ª Companhia Ambiental - Franca,2° Pelotão Ambiental - Barretos
3554508,Tietê,1310,1,3,1,0,1º Batalhão de Polícia Ambiental,3ª Companhia Ambiental - Sorocaba,1° Pelotão Ambiental - Sorocaba
3554607,Timburi,2420,2,4,2,0,2º Batalhão de Polícia Ambiental,4ª Companhia Ambiental - Marília,2° Pelotão Ambiental - Assis
3554656,Torre de Pedra,1320,1,3,2,0,1º Batalhão de Polícia Ambiental,3ª Companhia Ambiental - Sorocaba,2° Pelotão Ambiental - Botucatu
3554706,Torrinha,1730,1,7,3,0,1º Batalhão de Polícia Ambiental,7ª Companhia Ambiental - Araras,3° Pelotão Ambiental - Rio Claro
3554755,Trabiju,4420,4,4,2,0,4º Batalhão de Polícia Ambiental,4ª Companhia Ambiental - Ribeirão Preto,2° Pelotão Ambiental - Araraquara
3554805,Tremembé,3410,3,4,1,0,3º Batalhão de Polícia Ambiental,4ª Companhia Ambiental - Taubaté,1° Pelotão Ambiental - Taubaté
3554904,Três Fronteiras,4230,4,2,3,0,4º Batalhão de Polícia Ambiental,2ª Companhia Ambiental - Fernandópolis,3° Pelotão Ambiental - Jales
3554953,Tuiuti,1420,1,4,2,0,1º Batalhão de Polícia Ambiental,4ª Companhia Ambiental - Campinas,2° Pelotão Ambiental - Atibaia
3555000,Tupã,2410,2,4,1,0,2º Batalhão de Polícia Ambiental,4ª Companhia Ambiental - Marília,1° Pelotão Ambiental - Marília
3555109,Tupi Paulista,2320,2,3,2,0,2º Batalhão de Polícia Ambiental,3ª Companhia Ambiental - Presidente Prudente,2° Pelotão Ambiental - Dracena
3555208,Turiúba,2110,2,1,1,0,2º Batalhão de Polícia Ambiental,1ª Companhia Ambiental - Birigui,1° Pelotão Ambiental - Araçatuba
3555307,Turmalina,4210,4,2,1,0,4º Batalhão de Polícia Ambiental,2ª Companhia Ambiental - Fernandópolis,1° Pelotão Ambiental - Fernandópolis
3555356,Ubarana,4110,4,1,1,0,4º Batalhão de Polícia Ambiental,1ª Companhia Ambiental - São José do Rio Preto,1° Pelotão Ambiental - São José do Rio Preto
3555406,Ubatuba,3320,3,3,2,0,3º Batalhão de Polícia Ambiental,3ª Companhia Ambiental - Caraguatatuba,2° Pelotão Ambiental - Ubatuba
3555505,Ubirajara,2210,2,2,1,0,2º Batalhão de Polícia Ambiental,2ª Companhia Ambiental - Bauru,1° Pelotão Ambiental - Bauru
3555604,Uchoa,4110,4,1,1,0,4º Batalhão de Polícia Ambiental,1ª Companhia Ambiental - São José do Rio Preto,1° Pelotão Ambiental - São José do Rio Preto
3555703,União Paulista,4110,4,1,1,0,4º Batalhão de Polícia Ambiental,1ª Companhia Ambiental - São José do Rio Preto,1° Pelotão Ambiental - São José do Rio Preto
3555802,Urânia,4230,4,2,3,0,4º Batalhão de Polícia Ambiental,2ª Companhia Ambiental - Fernandópolis,3° Pelotão Ambiental - Jales
3555901,Uru,2220,2,2,2,0,2º Batalhão de Polícia Ambiental,2ª Companhia Ambiental - Bauru,2° Pelotão Ambiental - Lins
3556008,Urupês,4120,4,1,2,0,4º Batalhão de Polícia Ambiental,1ª Companhia Ambiental - São José do Rio Preto,2° Pelotão Ambiental - Catanduva
3556107,Valentim Gentil,4210,4,2,1,0,4º Batalhão de Polícia Ambiental,2ª Companhia Ambiental - Fernandópolis,1° Pelotão Ambiental - Fernandópolis
3556206,Valinhos,1410,1,4,1,0,1º Batalhão de Polícia Ambiental,4ª Companhia Ambiental - Campinas,1° Pelotão Ambiental - Campinas
3556305,Valparaíso,2110,2,1,1,0,2º Batalhão de Polícia Ambiental,1ª Companhia Ambiental - Birigui,1° Pelotão Ambiental - Araçatuba
3556354,Vargem,1420,1,4,2,0,1º Batalhão de Polícia Ambiental,4ª Companhia Ambiental - Campinas,2° Pelotão Ambiental - Atibaia
3556404,Vargem Grande do Sul,1720,1,7,2,0,1º Batalhão de Polícia Ambiental,7ª Companhia Ambiental - Araras,2° Pelotão Ambiental - São João da Boa Vista
3556453,Vargem Grande Paulista,1230,1,2,3,0,1º Batalhão de Polícia Ambiental,2ª Companhia Ambiental - São Paulo (Sul),3° Pelotão Ambiental - Embu
3556503,Várzea Paulista,1430,1,4,3,0,1º Batalhão de Polícia Ambiental,4ª Companhia Ambiental - Campinas,3° Pelotão Ambiental - Jundiaí
3556602,Vera Cruz,2410,2,4,1,0,2º Batalhão de Polícia Ambiental,4ª Companhia Ambiental - Marília,1° Pelotão Ambiental - Marília
3556701,Vinhedo,1430,1,4,3,0,1º Batalhão de Polícia Ambiental,4ª Companhia Ambiental - Campinas,3° Pelotão Ambiental - Jundiaí
3556800,Viradouro,4320,4,3,2,0,4º Batalhão de Polícia Ambiental,3ª Companhia Ambiental - Franca,2° Pelotão Ambiental - Barretos
3556909,Vista Alegre do Alto,4320,4,3,2,0,4º Batalhão de Polícia Ambiental,3ª Companhia Ambiental - Franca,2° Pelotão Ambiental - Barretos
3556958,Vitória Brasil,4230,4,2,3,0,4º Batalhão de Polícia Ambiental,2ª Companhia Ambiental - Fernandópolis,3° Pelotão Ambiental - Jales
3557006,Votorantim,1310,1,3,1,0,1º Batalhão de Polícia Ambiental,3ª Companhia Ambiental - Sorocaba,1° Pelotão Ambiental - Sorocaba
3557105,Votuporanga,4220,4,2,2,0,4º Batalhão de Polícia Ambiental,2ª Companhia Ambiental - Fernandópolis,2° Pelotão Ambiental - Votuporanga
3557154,Zacarias,4110,4,1,1,0,4º Batalhão de Polícia Ambiental,1ª Companhia Ambiental - São José do Rio Preto,1° Pelotão Ambiental - São José do Rio Preto
